22.48
22.53
22.53
22.57
22.56
22.55
22.55
22.54
22.54
22.53
22.53
22.52
22.52
22.51
22.51
22.51
22.51
22.50
22.50
22.50
22.50
22.50
22.49
22.54
22.54
22.53
22.53
22.52
22.52
22.51
22.51
22.51
22.51
22.50
22.50
22.50
22.50
22.50
22.50
22.49
22.49
22.49
22.49
22.49
22.49
22.49
22.54
22.53
22.58
22.57
22.56
22.55
22.54
22.54
22.58
22.62
22.61
22.59
22.63
22.62
22.60
22.59
22.58
22.57
22.56
22.55
22.55
22.54
22.53
22.53
22.52
22.52
22.57
22.56
22.55
22.59
22.58
22.62
22.61
22.59
22.58
22.57
22.61
22.60
22.59
22.63
22.66
22.69
22.67
22.70
22.73
22.75
22.73
22.75
22.77
22.79
22.76
22.78
22.75
22.77
22.79
22.76
22.78
22.80
22.77
22.79
22.81
22.78
22.80
22.81
22.78
22.75
22.72
22.75
22.77
22.74
22.77
22.79
22.80
22.82
22.84
22.85
22.81
22.83
22.79
22.76
22.74
22.71
22.74
22.76
22.78
22.75
22.77
22.79
22.81
22.83
22.84
22.81
22.82
22.79
22.76
22.78
22.80
22.77
22.79
22.81
22.82
22.84
22.85
22.86
22.87
22.88
22.89
22.90
22.91
22.91
22.92
22.92
22.93
22.93
22.89
22.90
22.86
22.87
22.88
22.89
22.90
22.90
22.91
22.92
22.92
22.93
22.93
22.94
22.94
22.94
22.95
22.95
22.95
22.95
22.95
22.96
22.96
22.96
22.96
22.96
22.96
22.96
22.96
22.96
22.97
22.97
22.97
22.97
22.97
22.97
22.97
22.97
22.97
22.97
23.02
23.01
23.01
23.01
23.00
23.00
23.00
22.99
22.99
22.99
22.99
22.99
22.98
22.98
22.98
22.98
22.98
22.98
22.98
22.98
22.98
22.98
22.98
22.98
22.98
22.98
22.97
22.97
22.97
22.97
22.97
22.97
22.97
22.97
22.97
22.97
22.97
22.97
22.97
22.97
22.97
22.97
22.97
22.97
22.97
22.97
22.97
22.97
22.97
22.97
22.97
22.97
22.97
22.97
22.97
22.97
23.02
23.02
23.01
23.01
23.00
23.00
23.00
23.04
23.09
23.07
23.06
23.05
23.05
23.04
23.03
23.03
23.02
23.02
23.01
23.01
23.00
23.00
23.05
23.09
23.13
23.16
23.14
23.17
23.15
23.13
23.12
23.10
23.09
23.08
23.07
23.11
23.09
23.08
23.07
23.06
23.10
23.09
23.08
23.07
23.06
23.05
23.04
23.03
23.03
23.07
23.11
23.10
23.08
23.07
23.11
23.15
23.13
23.11
23.10
23.13
23.12
23.10
23.09
23.13
23.16
23.14
23.12
23.11
23.10
23.13
23.17
23.15
23.18
23.16
23.19
23.21
23.19
23.17
23.20
23.22
23.25
23.22
23.20
23.22
23.20
23.22
23.25
23.27
23.29
23.30
23.32
23.33
23.35
23.36
23.37
23.38
23.34
23.35
23.31
23.33
23.34
23.35
23.36
23.37
23.38
23.34
23.35
23.36
23.37
23.38
23.39
23.40
23.40
23.36
23.37
23.38
23.39
23.39
23.40
23.41
23.36
23.37
23.38
23.39
23.40
23.40
23.41
23.41
23.37
23.38
23.39
23.39
23.40
23.41
23.41
23.42
23.42
23.43
23.43
23.43
23.43
23.39
23.40
23.40
23.41
23.41
23.42
23.42
23.43
23.43
23.43
23.44
23.44
23.44
23.44
23.44
23.45
23.45
23.45
23.45
23.45
23.45
23.45
23.45
23.45
23.45
23.46
23.46
23.46
23.46
23.46
23.46
23.46
23.46
23.46
23.46
23.46
23.46
23.46
23.46
23.46
23.46
23.46
23.46
23.46
23.46
23.46
23.46
23.46
23.46
23.46
23.46
23.46
23.46
23.46
23.46
23.46
23.46
23.46
23.46
23.51
23.50
23.50
23.50
23.49
23.49
23.49
23.48
23.48
23.48
23.48
23.48
23.47
23.47
23.47
23.47
23.47
23.47
23.47
23.47
23.47
23.47
23.47
23.46
23.46
23.46
23.46
23.46
23.46
23.46
23.46
23.46
23.46
23.46
23.46
23.46
23.46
23.46
23.46
23.46
23.46
23.46
23.46
23.46
23.46
23.46
23.46
23.46
23.46
23.46
23.46
23.46
23.46
23.46
23.46
23.46
23.46
23.46
23.46
23.46
23.46
23.46
23.46
23.46
23.51
23.50
23.50
23.50
23.49
23.49
23.49
23.48
23.48
23.48
23.48
23.48
23.47
23.47
23.47
23.52
23.51
23.51
23.50
23.50
23.50
23.49
23.49
23.49
23.48
23.48
23.48
23.48
23.48
23.47
23.47
23.47
23.47
23.47
23.47
23.47
23.47
23.47
23.47
23.47
23.46
23.46
23.51
23.51
23.55
23.54
23.53
23.53
23.52
23.51
23.51
23.50
23.50
23.50
23.49
23.49
23.49
23.53
23.53
23.57
23.56
23.55
23.54
23.53
23.57
23.61
23.60
23.58
23.57
23.56
23.55
23.54
23.58
23.57
23.56
23.55
23.54
23.53
23.52
23.57
23.56
23.55
23.54
23.53
23.57
23.56
23.55
23.59
23.58
23.61
23.60
23.59
23.62
23.61
23.59
23.58
23.57
23.56
23.55
23.54
23.53
23.57
23.61
23.59
23.63
23.66
23.64
23.62
23.66
23.64
23.62
23.65
23.63
23.66
23.64
23.67
23.70
23.73
23.75
23.77
23.74
23.71
23.69
23.71
23.69
23.66
23.64
23.63
23.66
23.64
23.62
23.60
23.64
23.67
23.70
23.67
23.65
23.63
23.66
23.69
23.67
23.65
23.68
23.71
23.73
23.75
23.72
23.75
23.77
23.78
23.80
23.82
23.78
23.80
23.76
23.78
23.75
23.77
23.79
23.75
23.77
23.79
23.81
23.82
23.83
23.85
23.86
23.87
23.87
23.88
23.84
23.85
23.86
23.87
23.83
23.84
23.85
23.86
23.87
23.88
23.88
23.89
23.90
23.90
23.91
23.91
23.87
23.87
23.83
23.84
23.86
23.86
23.87
23.88
23.89
23.89
23.90
23.90
23.91
23.91
23.92
23.92
23.92
23.93
23.93
23.93
23.88
23.89
23.90
23.90
23.91
23.91
23.91
23.92
23.92
23.92
23.93
23.93
23.93
23.93
23.93
23.94
23.94
23.94
23.94
23.94
23.94
23.94
23.94
23.94
23.94
23.94
23.94
23.95
23.95
23.95
23.95
23.95
23.95
23.95
23.95
23.95
23.95
23.95
23.95
23.95
23.95
23.95
23.95
23.95
23.95
23.95
23.95
23.95
23.95
23.95
23.95
23.95
23.95
23.95
23.95
23.95
23.95
23.95
23.95
23.95
23.95
23.95
23.95
23.95
23.95
23.95
23.95
23.95
23.95
23.95
23.95
23.95
23.95
23.95
23.95
23.95
23.95
23.95
23.95
23.95
23.95
23.95
23.95
23.95
23.95
23.95
23.95
23.95
23.95
23.95
23.95
23.95
23.95
23.95
23.95
23.95
23.95
23.95
23.95
23.95
23.95
23.95
23.95
23.95
23.95
23.95
23.95
23.95
23.95
23.95
23.95
23.95
23.95
23.95
23.95
23.95
23.95
23.95
23.95
23.95
23.95
23.95
23.95
23.95
23.95
23.95
23.95
23.95
23.95
23.95
23.95
23.95
23.95
23.95
23.95
23.95
23.95
23.95
23.95
23.95
23.95
23.95
23.95
23.95
23.95
23.95
23.95
23.95
23.95
23.95
23.95
23.95
23.95
23.95
23.95
23.95
23.95
23.95
23.95
23.95
23.95
23.95
23.95
23.95
23.95
23.95
23.95
23.95
23.95
23.95
23.95
23.95
23.95
23.95
23.95
23.95
23.95
23.95
24.00
23.99
23.99
23.98
23.98
23.98
23.98
23.97
23.97
23.97
23.97
23.96
23.96
23.96
23.96
24.01
24.00
24.00
23.99
23.99
23.98
23.98
23.98
23.97
23.97
24.02
24.01
24.01
24.00
23.99
23.99
24.03
24.03
24.02
24.01
24.01
24.00
23.99
23.99
23.99
23.98
23.98
23.98
23.97
23.97
23.97
23.97
24.01
24.01
24.00
24.00
23.99
23.99
23.98
23.98
23.98
24.02
24.02
24.01
24.00
24.00
23.99
23.99
23.98
24.03
24.07
24.06
24.05
24.04
24.03
24.02
24.01
24.01
24.00
24.05
24.04
24.03
24.02
24.01
24.05
24.09
24.08
24.07
24.10
24.09
24.07
24.06
24.05
24.04
24.03
24.02
24.02
24.01
24.00
24.00
23.99
23.99
23.98
23.98
23.98
23.97
23.97
23.97
23.97
23.97
23.96
23.96
23.96
23.96
23.96
23.96
23.96
23.96
23.96
23.96
23.95
23.95
23.95
23.95
23.95
23.95
23.95
23.95
23.95
23.95
23.95
23.95
23.95
23.95
23.95
23.95
23.95
23.95
23.95
23.95
23.95
23.95
23.95
23.95
23.95
23.95
23.95
23.95
23.95
23.95
23.95
23.95
23.95
23.95
23.95
23.95
23.95
23.95
23.95
23.95
23.90
23.91
23.91
23.91
23.92
23.92
23.87
23.88
23.84
23.80
23.82
23.83
23.79
23.76
23.78
23.80
23.81
23.78
23.79
23.76
23.78
23.80
23.81
23.78
23.74
23.72
23.74
23.71
23.74
23.71
23.68
23.66
23.64
23.62
23.61
23.59
23.58
23.57
23.61
23.59
23.58
23.57
23.56
23.55
23.54
23.53
23.52
23.52
23.51
23.51
23.50
23.50
23.49
23.49
23.49
23.48
23.48
23.48
23.48
23.48
23.47
23.42
23.43
23.43
23.43
23.44
23.44
23.44
23.44
23.44
23.45
23.45
23.40
23.41
23.41
23.37
23.38
23.34
23.35
23.36
23.32
23.29
23.30
23.27
23.24
23.26
23.28
23.25
23.22
23.20
23.18
23.16
23.14
23.12
23.11
23.09
23.08
23.07
23.11
23.09
23.08
23.07
23.06
23.10
23.09
23.08
23.07
23.06
23.05
23.04
23.03
23.03
23.02
23.02
23.01
23.01
23.00
22.95
22.95
22.96
22.96
22.96
22.96
22.91
22.92
22.92
22.93
22.93
22.94
22.89
22.90
22.86
22.87
22.88
22.89
22.85
22.81
22.78
22.75
22.72
22.75
22.72
22.70
22.68
22.66
22.64
22.62
22.61
22.60
22.59
22.58
22.57
22.56
22.55
22.54
22.54
22.53
22.53
22.52
22.52
22.52
22.51
22.51
22.51
22.50
22.50
22.50
22.50
22.50
22.50
22.49
22.49
22.44
22.45
22.45
22.45
22.46
22.46
22.46
22.41
22.42
22.43
22.43
22.44
22.44
22.45
22.40
22.36
22.32
22.29
22.26
22.23
22.21
22.24
22.21
22.19
22.22
22.20
22.18
22.16
22.14
22.13
22.11
22.10
22.09
22.08
22.07
22.07
22.06
22.05
22.05
22.04
22.04
22.03
22.03
22.02
22.02
22.02
22.02
22.01
22.01
22.01
22.01
22.01
21.96
21.96
21.96
21.92
21.93
21.93
21.94
21.90
21.91
21.87
21.83
21.80
21.77
21.74
21.72
21.70
21.68
21.66
21.69
21.67
21.66
21.64
21.63
21.62
21.61
21.60
21.59
21.58
21.57
21.56
21.56
21.55
21.55
21.54
21.54
21.54
21.53
21.53
21.53
21.53
21.52
21.52
21.52
21.52
21.52
21.47
21.47
21.47
21.48
21.43
21.44
21.45
21.45
21.41
21.42
21.38
21.34
21.31
21.33
21.30
21.27
21.24
21.22
21.20
21.18
21.17
21.15
21.14
21.13
21.11
21.10
21.10
21.09
21.08
21.07
21.07
21.11
21.10
21.09
21.09
21.08
21.07
21.07
21.06
21.06
21.05
21.05
21.05
21.04
21.04
21.04
21.04
21.03
21.03
21.03
20.98
20.98
20.94
20.95
20.90
20.92
20.93
20.89
20.90
20.91
20.87
20.84
20.81
20.78
20.75
20.73
20.71
20.69
20.68
20.66
20.65
20.64
20.63
20.62
20.61
20.60
20.59
20.59
20.58
20.57
20.57
20.57
20.56
20.56
20.56
20.55
20.55
20.55
20.55
20.54
20.54
20.49
20.50
20.50
20.50
20.50
20.51
20.51
20.51
20.51
20.47
20.47
20.48
20.48
20.44
20.45
20.41
20.37
20.39
20.40
20.41
20.37
20.34
20.31
20.28
20.26
20.24
20.22
20.20
20.18
20.17
20.16
20.14
20.13
20.12
20.12
20.11
20.10
20.10
20.09
20.08
20.08
20.08
20.07
20.07
20.07
20.06
20.06
20.06
20.06
20.05
20.05
20.05
20.00
20.01
20.01
20.01
20.01
19.97
19.93
19.89
19.90
19.92
19.93
19.89
19.91
19.92
19.93
19.89
19.91
19.87
19.84
19.81
19.79
19.76
19.74
19.72
19.70
19.69
19.68
19.71
19.70
19.68
19.67
19.66
19.65
19.64
19.63
19.62
19.61
19.61
19.60
19.60
19.59
19.59
19.58
19.58
19.58
19.57
19.57
19.57
19.57
19.57
19.56
19.56
19.56
19.56
19.56
19.51
19.51
19.52
19.47
19.48
19.44
19.45
19.46
19.47
19.43
19.39
19.36
19.38
19.35
19.32
19.29
19.27
19.25
19.28
19.26
19.24
19.22
19.20
19.19
19.18
19.17
19.15
19.15
19.14
19.13
19.12
19.12
19.11
19.11
19.10
19.10
19.09
19.04
19.04
19.05
19.05
19.05
19.00
19.01
19.01
19.02
18.97
18.98
18.99
19.00
18.95
18.97
18.97
18.93
18.95
18.91
18.88
18.85
18.87
18.89
18.86
18.83
18.80
18.78
18.81
18.78
18.76
18.74
18.73
18.71
18.70
18.68
18.67
18.66
18.65
18.65
18.64
18.63
18.63
18.62
18.62
18.61
18.61
18.60
18.60
18.60
18.60
18.59
18.59
18.59
18.59
18.59
18.59
18.58
18.58
18.53
18.54
18.54
18.54
18.55
18.50
18.51
18.51
18.47
18.48
18.49
18.50
18.46
18.47
18.43
18.40
18.41
18.38
18.35
18.32
18.30
18.28
18.31
18.29
18.27
18.25
18.28
18.26
18.24
18.23
18.21
18.20
18.19
18.18
18.17
18.16
18.15
18.15
18.14
18.13
18.13
18.12
18.12
18.12
18.11
18.11
18.11
18.11
18.10
18.10
18.10
18.10
18.10
18.10
18.09
18.09
18.09
18.09
18.04
18.05
18.05
18.05
18.06
18.06
18.06
18.06
18.07
18.07
18.07
18.02
17.98
17.94
17.91
17.88
17.85
17.82
17.80
17.78
17.81
17.79
17.82
17.80
17.78
17.76
17.74
17.73
17.71
17.70
17.69
17.68
17.67
17.67
17.66
17.65
17.65
17.64
17.64
17.63
17.63
17.63
17.62
17.62
17.62
17.62
17.61
17.61
17.61
17.61
17.61
17.61
17.60
17.55
17.51
17.52
17.53
17.53
17.54
17.50
17.51
17.47
17.48
17.49
17.50
17.51
17.47
17.48
17.45
17.46
17.42
17.44
17.46
17.42
17.39
17.36
17.34
17.31
17.29
17.27
17.26
17.24
17.28
17.26
17.25
17.23
17.22
17.21
17.20
17.19
17.18
17.17
17.17
17.16
17.15
17.15
17.15
17.14
17.14
17.14
17.13
17.13
17.13
17.13
17.12
17.12
17.12
17.12
17.12
17.12
17.12
17.11
17.11
17.11
17.11
17.11
17.11
17.11
17.11
17.11
17.06
17.07
17.02
17.03
16.99
16.95
16.92
16.94
16.90
16.92
16.89
16.92
16.89
16.86
16.83
16.86
16.89
16.86
16.88
16.86
16.83
16.81
16.84
16.82
16.80
16.78
16.76
16.75
16.74
16.72
16.71
16.70
16.70
16.69
16.68
16.67
16.67
16.66
16.66
16.66
16.65
16.65
16.64
16.64
16.64
16.64
16.64
16.63
16.63
16.63
16.63
16.58
16.58
16.59
16.54
16.55
16.56
16.56
16.57
16.52
16.53
16.54
16.55
16.56
16.56
16.57
16.57
16.53
16.49
16.45
16.42
16.39
16.36
16.34
16.32
16.35
16.33
16.31
16.29
16.32
16.35
16.33
16.31
16.29
16.28
16.26
16.25
16.24
16.23
16.22
16.21
16.20
16.19
16.19
16.18
16.17
16.17
16.17
16.16
16.16
16.16
16.15
16.15
16.15
16.15
16.15
16.14
16.14
16.14
16.14
16.14
16.14
16.14
16.14
16.14
16.13
16.13
16.13
16.13
16.13
16.13
16.08
16.04
16.05
16.01
15.97
15.94
15.91
15.93
15.95
15.92
15.94
15.91
15.93
15.95
15.97
15.94
15.96
15.97
15.94
15.91
15.88
15.86
15.84
15.87
15.84
15.82
15.80
15.79
15.77
15.76
15.75
15.74
15.78
15.76
15.75
15.74
15.73
15.72
15.71
15.71
15.70
15.69
15.69
15.68
15.68
15.67
15.67
15.67
15.67
15.66
15.66
15.66
15.66
15.66
15.65
15.65
15.65
15.65
15.65
15.65
15.65
15.60
15.60
15.61
15.61
15.61
15.62
15.62
15.62
15.62
15.62
15.63
15.63
15.63
15.63
15.58
15.59
15.59
15.60
15.60
15.61
15.56
15.57
15.53
15.49
15.50
15.52
15.53
15.49
15.51
15.47
15.49
15.50
15.52
15.48
15.50
15.51
15.48
15.44
15.41
15.39
15.36
15.34
15.32
15.31
15.29
15.28
15.26
15.25
15.24
15.23
15.23
15.22
15.21
15.21
15.20
15.20
15.19
15.19
15.18
15.18
15.18
15.17
15.17
15.17
15.17
15.17
15.17
15.16
15.16
15.16
15.16
15.16
15.16
15.16
15.11
15.11
15.12
15.12
15.12
15.13
15.13
15.13
15.13
15.13
15.14
15.14
15.14
15.14
15.14
15.09
15.10
15.06
15.07
15.03
14.99
15.01
14.97
14.94
14.91
14.89
14.91
14.89
14.87
14.89
14.92
14.89
14.87
14.85
14.83
14.81
14.80
14.79
14.77
14.76
14.75
14.74
14.74
14.73
14.72
14.72
14.71
14.71
14.70
14.70
14.69
14.69
14.69
14.69
14.68
14.68
14.68
14.68
14.68
14.67
14.67
14.67
14.67
14.67
14.67
14.67
14.67
14.67
14.67
14.67
14.67
14.67
14.67
14.67
14.67
14.66
14.66
14.66
14.66
14.66
14.66
14.66
14.66
14.66
14.66
14.66
14.66
14.66
14.66
14.66
14.66
14.66
14.66
14.61
14.62
14.62
14.63
14.63
14.59
14.59
14.60
14.56
14.52
14.48
14.45
14.43
14.45
14.42
14.45
14.42
14.39
14.37
14.35
14.33
14.32
14.30
14.29
14.28
14.27
14.26
14.25
14.24
14.24
14.23
14.22
14.22
14.21
14.21
14.21
14.20
14.20
14.20
14.20
14.19
14.19
14.19
14.19
14.19
14.19
14.18
14.18
14.18
14.18
14.18
14.18
14.18
14.18
14.18
14.18
14.18
14.18
14.18
14.18
14.18
14.18
14.18
14.18
14.18
14.18
14.18
14.18
14.18
14.13
14.13
14.09
14.10
14.10
14.11
14.12
14.12
14.13
14.13
14.09
14.05
14.06
14.02
14.04
14.05
14.06
14.07
14.08
14.09
14.05
14.02
14.03
14.05
14.06
14.07
14.08
14.04
14.01
13.97
13.94
13.97
13.94
13.91
13.94
13.91
13.89
13.87
13.85
13.84
13.82
13.81
13.84
13.83
13.81
13.80
13.84
13.82
13.81
13.80
13.79
13.78
13.77
13.76
13.75
13.74
13.74
13.73
13.73
13.72
13.72
13.72
13.71
13.71
13.71
13.71
13.70
13.70
13.70
13.70
13.70
13.70
13.70
13.69
13.69
13.69
13.69
13.69
13.69
13.69
13.69
13.69
13.69
13.69
13.69
13.69
13.69
13.69
13.69
13.69
13.69
13.69
13.69
13.64
13.59
13.60
13.61
13.62
13.62
13.58
13.59
13.60
13.61
13.62
13.58
13.54
13.50
13.52
13.49
13.51
13.53
13.54
13.56
13.52
13.49
13.51
13.48
13.45
13.42
13.40
13.38
13.36
13.39
13.37
13.36
13.34
13.38
13.41
13.39
13.37
13.35
13.33
13.32
13.31
13.30
13.29
13.28
13.27
13.26
13.26
13.25
13.24
13.24
13.24
13.23
13.23
13.22
13.22
13.22
13.22
13.22
13.21
13.21
13.21
13.21
13.21
13.21
13.21
13.20
13.20
13.20
13.20
13.20
13.20
13.20
13.20
13.20
13.15
13.16
13.16
13.16
13.17
13.17
13.17
13.17
13.18
13.18
13.18
13.18
13.18
13.18
13.19
13.19
13.19
13.14
13.15
13.15
13.16
13.16
13.16
13.17
13.17
13.17
13.17
13.13
13.09
13.05
13.06
13.03
13.04
13.06
13.07
13.09
13.10
13.06
13.07
13.08
13.05
13.01
12.98
12.95
12.93
12.96
12.93
12.96
12.93
12.91
12.89
12.87
12.86
12.84
12.83
12.82
12.85
12.84
12.83
12.81
12.80
12.79
12.79
12.78
12.77
12.76
12.76
12.75
12.75
12.74
12.74
12.74
12.73
12.73
12.73
12.73
12.73
12.72
12.72
12.72
12.72
12.72
12.72
12.72
12.72
12.71
12.71
12.71
12.71
12.71
12.71
12.71
12.71
12.71
12.71
12.71
12.71
12.71
12.71
12.71
12.71
12.71
12.71
12.71
12.71
12.71
12.71
12.66
12.66
12.67
12.62
12.63
12.64
12.65
12.65
12.61
12.62
12.63
12.59
12.60
12.61
12.62
12.63
12.64
12.64
12.65
12.66
12.66
12.62
12.63
12.59
12.55
12.52
12.49
12.46
12.48
12.51
12.53
12.54
12.56
12.53
12.50
12.47
12.49
12.46
12.44
12.47
12.44
12.42
12.40
12.38
12.37
12.35
12.34
12.33
12.32
12.31
12.30
12.29
12.28
12.28
12.27
12.26
12.26
12.26
12.25
12.25
12.25
12.24
12.24
12.24
12.24
12.23
12.23
12.23
12.23
12.23
12.23
12.23
12.23
12.23
12.23
12.22
12.22
12.22
12.22
12.22
12.22
12.22
12.22
12.22
12.22
12.22
12.17
12.18
12.18
12.18
12.19
12.19
12.19
12.20
12.20
12.20
12.20
12.20
12.21
12.21
12.21
12.21
12.21
12.16
12.17
12.17
12.18
12.18
12.19
12.19
12.19
12.19
12.20
12.20
12.20
12.20
12.20
12.21
12.21
12.21
12.21
12.21
12.21
12.21
12.21
12.21
12.21
12.21
12.21
12.22
12.17
12.17
12.18
12.18
12.18
12.14
12.15
12.15
12.16
12.17
12.17
12.18
12.18
12.14
12.14
12.10
12.07
12.03
12.00
12.02
11.99
11.97
11.94
11.92
11.90
11.93
11.96
11.94
11.92
11.90
11.93
11.91
11.89
11.88
11.86
11.85
11.84
11.83
11.82
11.81
11.80
11.79
11.79
11.78
11.78
11.77
11.77
11.76
11.76
11.76
11.75
11.75
11.75
11.75
11.75
11.74
11.74
11.74
11.74
11.74
11.74
11.74
11.74
11.74
11.74
11.74
11.73
11.73
11.73
11.73
11.73
11.73
11.73
11.73
11.73
11.73
11.73
11.73
11.73
11.73
11.73
11.73
11.73
11.73
11.73
11.73
11.73
11.73
11.73
11.73
11.73
11.73
11.73
11.73
11.73
11.73
11.73
11.73
11.73
11.73
11.73
11.73
11.73
11.73
11.73
11.73
11.73
11.73
11.73
11.73
11.73
11.73
11.73
11.73
11.73
11.73
11.68
11.64
11.65
11.65
11.61
11.63
11.64
11.60
11.61
11.62
11.63
11.64
11.60
11.62
11.63
11.64
11.60
11.56
11.58
11.59
11.56
11.53
11.55
11.57
11.58
11.60
11.56
11.58
11.54
11.51
11.54
11.51
11.53
11.55
11.57
11.53
11.51
11.48
11.50
11.48
11.45
11.43
11.41
11.40
11.38
11.37
11.35
11.34
11.33
11.32
11.32
11.31
11.30
11.30
11.29
11.29
11.28
11.28
11.27
11.27
11.27
11.26
11.26
11.26
11.26
11.26
11.26
11.25
11.25
11.25
11.25
11.25
11.25
11.25
11.25
11.25
11.25
11.25
11.25
11.24
11.24
11.24
11.24
11.24
11.24
11.24
11.24
11.24
11.24
11.24
11.24
11.24
11.24
11.24
11.24
11.24
11.24
11.24
11.24
11.24
11.24
11.24
11.24
11.24
11.24
11.24
11.24
11.24
11.19
11.20
11.20
11.16
11.12
11.13
11.14
11.15
11.16
11.17
11.18
11.18
11.19
11.19
11.20
11.15
11.16
11.12
11.13
11.14
11.15
11.16
11.17
11.13
11.14
11.15
11.16
11.17
11.13
11.09
11.10
11.07
11.04
11.06
11.03
11.00
11.02
11.05
11.02
10.99
10.97
10.94
10.93
10.96
10.94
10.97
10.99
10.97
10.95
10.93
10.91
10.90
10.88
10.87
10.91
10.89
10.93
10.91
10.94
10.92
10.91
10.89
10.88
10.86
10.85
10.84
10.83
10.83
10.82
10.81
10.81
10.80
10.80
10.84
10.83
10.82
10.82
10.81
10.80
10.80
10.79
10.79
10.79
10.78
10.78
10.78
10.77
10.77
10.77
10.77
10.77
10.77
10.76
10.76
10.76
10.76
10.76
10.76
10.76
10.76
10.76
10.76
10.76
10.76
10.76
10.76
10.76
10.76
10.75
10.75
10.75
10.75
10.75
10.75
10.75
10.75
10.75
10.75
10.75
10.75
10.75
10.75
10.75
10.75
10.75
10.75
10.75
10.75
10.75
10.75
10.75
10.75
10.75
10.75
10.75
10.70
10.71
10.71
10.72
10.72
10.68
10.68
10.69
10.70
10.70
10.71
10.71
10.72
10.72
10.72
10.73
10.73
10.73
10.73
10.69
10.69
10.70
10.70
10.71
10.66
10.67
10.63
10.64
10.66
10.66
10.62
10.59
10.56
10.58
10.59
10.61
10.62
10.64
10.65
10.66
10.67
10.68
10.64
10.60
10.61
10.58
10.60
10.56
10.58
10.60
10.57
10.58
10.55
10.52
10.50
10.52
10.50
10.47
10.45
10.43
10.42
10.45
10.48
10.46
10.44
10.42
10.41
10.39
10.38
10.37
10.36
10.35
10.34
10.33
10.33
10.32
10.36
10.35
10.34
10.34
10.33
10.32
10.32
10.31
10.31
10.30
10.30
10.29
10.29
10.29
10.29
10.28
10.28
10.28
10.33
10.32
10.32
10.31
10.31
10.30
10.35
10.34
10.33
10.32
10.32
10.31
10.36
10.35
10.34
10.33
10.32
10.32
10.31
10.31
10.30
10.30
10.30
10.29
10.29
10.29
10.29
10.28
10.28
10.28
10.28
10.28
10.23
10.23
10.23
10.24
10.24
10.24
10.24
10.25
10.25
10.25
10.25
10.25
10.25
10.25
10.26
10.26
10.26
10.26
10.26
10.26
10.26
10.26
10.26
10.26
10.26
10.26
10.26
10.26
10.26
10.26
10.26
10.26
10.26
10.26
10.26
10.26
10.26
10.26
10.26
10.26
10.26
10.26
10.26
10.21
10.22
10.22
10.23
10.23
10.23
10.24
10.24
10.24
10.20
10.20
10.16
10.17
10.18
10.14
10.15
10.16
10.17
10.18
10.19
10.20
10.20
10.21
10.22
10.17
10.18
10.19
10.20
10.15
10.17
10.18
10.14
10.15
10.16
10.17
10.18
10.19
10.20
10.20
10.16
10.17
10.18
10.19
10.15
10.16
10.12
10.09
10.10
10.12
10.09
10.10
10.07
10.04
10.06
10.08
10.10
10.12
10.13
10.10
10.11
10.08
10.05
10.02
10.00
9.97
9.95
9.94
9.92
9.91
9.89
9.88
9.92
9.95
9.94
9.92
9.95
9.99
9.96
9.99
10.02
10.00
9.97
9.95
9.94
9.92
9.91
9.94
9.97
9.95
9.94
9.92
9.91
9.89
9.88
9.87
9.86
9.80
9.80
9.80
9.80
9.79
9.79
9.79
9.79
9.79
9.79
9.83
9.83
9.82
9.82
9.81
9.76
9.76
9.76
9.76
9.77
9.77
9.77
9.77
9.77
9.77
9.77
9.77
9.77
9.77
9.77
9.77
9.77
9.77
9.77
9.77
9.77
9.77
9.77
9.77
9.77
9.77
9.77
9.77
9.77
9.77
9.77
9.77
9.77
9.77
9.77
9.77
9.77
9.77
9.77
9.77
9.77
9.77
9.77
9.78
9.78
9.78
9.78
9.78
9.78
9.78
9.78
9.78
9.78
9.78
9.78
9.78
9.78
9.78
9.78
9.78
9.78
9.78
9.78
9.78
9.78
9.78
9.78
9.78
9.78
9.78
9.78
9.73
9.73
9.74
9.74
9.74
9.75
9.75
9.75
9.71
9.71
9.72
9.72
9.73
9.73
9.74
9.74
9.75
9.75
9.75
9.75
9.76
9.76
9.76
9.76
9.76
9.71
9.67
9.68
9.69
9.65
9.66
9.67
9.68
9.69
9.65
9.67
9.63
9.59
9.61
9.58
9.55
9.57
9.54
9.52
9.54
9.52
9.49
9.52
9.50
9.53
9.50
9.48
9.51
9.54
9.51
9.54
9.51
9.49
9.52
9.54
9.52
9.50
9.52
9.50
9.48
9.46
9.44
9.43
9.41
9.40
9.39
9.38
9.37
9.36
9.35
9.40
9.38
9.42
9.41
9.40
9.44
9.42
9.41
9.39
9.38
9.37
9.37
9.36
9.40
9.39
9.38
9.37
9.36
9.35
9.35
9.34
9.34
9.33
9.33
9.32
9.32
9.32
9.31
9.31
9.31
9.31
9.30
9.30
9.30
9.30
9.35
9.34
9.34
9.33
9.33
9.32
9.32
9.32
9.31
9.31
9.31
9.31
9.35
9.35
9.34
9.33
9.33
9.33
9.32
9.32
9.31
9.31
9.31
9.31
9.31
9.30
9.30
9.30
9.30
9.30
9.30
9.30
9.29
9.29
9.29
9.29
9.29
9.29
9.29
9.29
9.29
9.29
9.29
9.29
9.29
9.29
9.29
9.29
9.29
9.29
9.29
9.29
9.29
9.29
9.29
9.29
9.29
9.29
9.29
9.29
9.29
9.29
9.29
9.24
9.24
9.25
9.25
9.25
9.26
9.26
9.26
9.27
9.27
9.27
9.27
9.27
9.27
9.23
9.23
9.19
9.20
9.21
9.22
9.22
9.23
9.23
9.24
9.24
9.25
9.25
9.26
9.26
9.26
9.26
9.22
9.22
9.23
9.19
9.20
9.21
9.21
9.22
9.23
9.23
9.24
9.24
9.25
9.25
9.26
9.26
9.26
9.21
9.22
9.23
9.23
9.24
9.24
9.25
9.25
9.21
9.21
9.22
9.23
9.19
9.20
9.20
9.21
9.22
9.23
9.18
9.19
9.15
9.17
9.18
9.19
9.20
9.16
9.12
9.14
9.11
9.07
9.05
9.02
9.00
8.98
9.01
8.99
9.02
9.00
9.03
9.05
9.03
9.00
8.98
8.96
9.00
9.03
9.00
8.98
9.01
9.04
9.02
8.99
8.97
8.96
8.94
8.98
8.96
8.99
8.97
8.95
8.94
8.92
8.91
8.95
8.98
8.96
8.95
8.93
8.92
8.91
8.90
8.89
8.88
8.87
8.86
8.86
8.85
8.84
8.84
8.84
8.83
8.83
8.83
8.82
8.82
8.87
8.86
8.85
8.85
8.84
8.84
8.83
8.88
8.87
8.91
8.90
8.89
8.88
8.87
8.91
8.95
8.99
8.97
8.95
8.93
8.92
8.96
8.94
8.93
8.91
8.90
8.89
8.88
8.87
8.92
8.90
8.89
8.88
8.87
8.87
8.86
8.85
8.85
8.84
8.84
8.83
8.83
8.83
8.82
8.82
8.82
8.82
8.82
8.81
8.81
8.81
8.81
8.81
8.81
8.81
8.81
8.80
8.80
8.80
8.80
8.80
8.80
8.80
8.80
8.80
8.80
8.80
8.80
8.80
8.80
8.80
8.85
8.84
8.84
8.83
8.83
8.83
8.82
8.82
8.82
8.82
8.82
8.81
8.81
8.81
8.81
8.81
8.81
8.81
8.81
8.80
8.80
8.80
8.80
8.80
8.80
8.80
8.80
8.80
8.80
8.80
8.80
8.80
8.80
8.80
8.80
8.80
8.80
8.80
8.80
8.80
8.80
8.80
8.80
8.80
8.80
8.80
8.80
8.75
8.71
8.71
8.72
8.73
8.74
8.74
8.75
8.75
8.76
8.76
8.77
8.72
8.73
8.73
8.74
8.75
8.70
8.71
8.72
8.73
8.74
8.74
8.75
8.75
8.71
8.72
8.72
8.73
8.74
8.74
8.75
8.75
8.76
8.76
8.77
8.77
8.72
8.73
8.74
8.74
8.75
8.70
8.71
8.72
8.73
8.69
8.70
8.71
8.72
8.73
8.73
8.74
8.75
8.75
8.71
8.72
8.72
8.73
8.74
8.69
8.71
8.71
8.72
8.68
8.69
8.65
8.62
8.64
8.65
8.62
8.64
8.60
8.62
8.59
8.61
8.58
8.60
8.57
8.55
8.57
8.60
8.62
8.63
8.60
8.62
8.59
8.56
8.59
8.61
8.58
8.55
8.57
8.55
8.57
8.60
8.57
8.59
8.61
8.58
8.55
8.58
8.55
8.53
8.50
8.53
8.51
8.49
8.47
8.51
8.49
8.47
8.45
8.44
8.43
8.41
8.45
8.44
8.42
8.46
8.45
8.43
8.47
8.50
8.48
8.51
8.49
8.48
8.51
8.49
8.47
8.45
8.49
8.47
8.45
8.44
8.43
8.41
8.40
8.44
8.43
8.42
8.41
8.40
8.39
8.38
8.37
8.37
8.36
8.36
8.35
8.35
8.34
8.34
8.34
8.33
8.33
8.33
8.33
8.33
8.32
8.37
8.36
8.36
8.35
8.35
8.39
8.39
8.38
8.37
8.37
8.36
8.35
8.35
8.35
8.34
8.34
8.34
8.33
8.33
8.33
8.33
8.32
8.32
8.32
8.32
8.37
8.36
8.36
8.35
8.35
8.34
8.34
8.34
8.33
8.33
8.33
8.33
8.33
8.32
8.32
8.32
8.32
8.32
8.32
8.32
8.32
8.32
8.31
8.31
8.31
8.31
8.31
8.31
8.31
8.31
8.31
8.31
8.31
8.31
8.31
8.31
8.31
8.31
8.31
8.31
8.31
8.31
8.31
8.31
8.31
8.31
8.31
8.31
8.26
8.27
8.27
8.27
8.28
8.28
8.28
8.29
8.29
8.29
8.29
8.34
8.34
8.34
8.33
8.33
8.33
8.33
8.32
8.32
8.32
8.32
8.32
8.32
8.32
8.32
8.32
8.32
8.31
8.31
8.31
8.31
8.31
8.31
8.31
8.31
8.31
8.31
8.31
8.31
8.31
8.31
8.31
8.31
8.31
8.31
8.31
8.31
8.31
8.31
8.31
8.31
8.31
8.31
8.31
8.31
8.31
8.31
8.31
8.26
8.27
8.27
8.27
8.28
8.28
8.28
8.29
8.29
8.29
8.29
8.29
8.30
8.30
8.30
8.30
8.30
8.30
8.30
8.30
8.30
8.25
8.21
8.22
8.23
8.24
8.20
8.21
8.22
8.18
8.19
8.20
8.16
8.18
8.19
8.15
8.17
8.18
8.20
8.21
8.22
8.18
8.19
8.20
8.21
8.22
8.23
8.19
8.20
8.16
8.13
8.15
8.11
8.09
8.11
8.13
8.10
8.12
8.14
8.11
8.13
8.14
8.11
8.08
8.06
8.08
8.06
8.08
8.10
8.12
8.09
8.12
8.13
8.15
8.12
8.14
8.11
8.13
8.14
8.16
8.18
8.14
8.11
8.13
8.10
8.07
8.09
8.07
8.04
8.02
8.00
8.03
8.01
7.99
8.02
8.00
8.03
8.06
8.09
8.11
8.08
8.10
8.07
8.10
8.07
8.09
8.12
8.13
8.10
8.07
8.10
8.07
8.05
8.07
8.05
8.07
8.10
8.12
8.09
8.11
8.08
8.05
8.03
8.01
7.99
7.97
7.96
7.99
7.98
7.96
7.95
7.98
7.97
8.00
7.98
8.02
8.00
8.03
8.01
8.04
8.02
8.00
7.98
7.96
7.95
7.94
7.97
8.01
7.99
7.97
7.96
7.94
7.93
7.92
7.91
7.90
7.89
7.89
7.88
7.87
7.92
7.91
7.90
7.89
7.93
7.92
7.91
7.90
7.89
7.94
7.92
7.91
7.90
7.94
7.93
7.92
7.91
7.90
7.89
7.89
7.88
7.87
7.87
7.86
7.86
7.86
7.85
7.85
7.85
7.84
7.89
7.88
7.88
7.87
7.87
7.86
7.86
7.85
7.85
7.85
7.84
7.89
7.88
7.88
7.87
7.92
7.91
7.90
7.89
7.88
7.88
7.87
7.87
7.86
7.86
7.85
7.85
7.85
7.84
7.84
7.84
7.84
7.84
7.83
7.83
7.83
7.83
7.83
7.83
7.83
7.83
7.83
7.83
7.83
7.82
7.82
7.82
7.82
7.82
7.82
7.82
7.82
7.82
7.82
7.82
7.82
7.82
7.82
7.82
7.82
7.82
7.82
7.82
7.82
7.82
7.82
7.82
7.82
7.82
7.82
7.82
7.82
7.82
7.82
7.82
7.82
7.82
7.82
7.82
7.82
7.82
7.82
7.82
7.82
7.82
7.82
7.82
7.82
7.82
7.82
7.82
7.82
7.82
7.82
7.82
7.82
7.82
7.82
7.82
7.82
7.82
7.82
7.82
7.82
7.82
7.82
7.82
7.82
7.82
7.82
7.82
7.82
7.82
7.82
7.82
7.82
7.82
7.82
7.82
7.82
7.82
7.82
7.87
7.86
7.86
7.86
7.85
7.85
7.85
7.84
7.84
7.84
7.84
7.84
7.83
7.83
7.83
7.83
7.83
7.83
7.83
7.83
7.83
7.83
7.82
7.82
7.82
7.82
7.82
7.82
7.82
7.82
7.82
7.82
7.82
7.82
7.82
7.82
7.82
7.77
7.78
7.78
7.79
7.74
7.75
7.76
7.76
7.77
7.77
7.78
7.78
7.74
7.75
7.75
7.76
7.77
7.77
7.78
7.73
7.74
7.75
7.76
7.71
7.72
7.73
7.74
7.75
7.76
7.76
7.77
7.77
7.78
7.73
7.74
7.75
7.76
7.76
7.77
7.77
7.78
7.78
7.79
7.79
7.74
7.75
7.76
7.72
7.73
7.74
7.74
7.75
7.76
7.76
7.72
7.68
7.70
7.71
7.67
7.69
7.70
7.71
7.67
7.69
7.70
7.71
7.67
7.64
7.66
7.67
7.69
7.65
7.67
7.69
7.70
7.66
7.68
7.69
7.70
7.67
7.68
7.70
7.71
7.67
7.69
7.70
7.71
7.72
7.73
7.74
7.70
7.71
7.67
7.64
7.61
7.63
7.65
7.62
7.64
7.61
7.58
7.60
7.63
7.60
7.62
7.64
7.66
7.62
7.64
7.66
7.68
7.64
7.61
7.58
7.56
7.58
7.61
7.58
7.60
7.63
7.65
7.66
7.63
7.60
7.62
7.59
7.57
7.59
7.61
7.59
7.56
7.54
7.52
7.55
7.53
7.56
7.53
7.51
7.49
7.53
7.51
7.49
7.52
7.55
7.53
7.51
7.49
7.48
7.46
7.50
7.48
7.47
7.50
7.53
7.56
7.59
7.56
7.59
7.56
7.59
7.56
7.59
7.56
7.59
7.56
7.54
7.52
7.50
7.53
7.51
7.54
7.57
7.55
7.57
7.60
7.57
7.55
7.53
7.56
7.58
7.56
7.58
7.61
7.58
7.55
7.53
7.56
7.54
7.52
7.55
7.53
7.51
7.49
7.52
7.50
7.49
7.47
7.51
7.49
7.47
7.46
7.45
7.43
7.42
7.46
7.45
7.44
7.43
7.42
7.41
7.40
7.39
7.44
7.43
7.42
7.46
7.44
7.48
7.52
7.50
7.48
7.47
7.45
7.44
7.43
7.42
7.41
7.40
7.40
7.39
7.38
7.38
7.37
7.37
7.37
7.36
7.36
7.36
7.35
7.35
7.35
7.35
7.35
7.34
7.34
7.34
7.34
7.39
7.38
7.38
7.37
7.37
7.37
7.36
7.36
7.36
7.35
7.35
7.35
7.35
7.35
7.34
7.34
7.34
7.34
7.34
7.34
7.34
7.34
7.34
7.34
7.34
7.34
7.34
7.33
7.33
7.33
7.33
7.33
7.33
7.38
7.38
7.37
7.37
7.36
7.36
7.36
7.36
7.40
7.39
7.39
7.38
7.38
7.37
7.37
7.37
7.36
7.36
7.36
7.35
7.35
7.35
7.35
7.35
7.34
7.34
7.34
7.39
7.38
7.38
7.37
7.37
7.37
7.36
7.36
7.36
7.35
7.35
7.35
7.35
7.35
7.34
7.34
7.34
7.34
7.34
7.34
7.34
7.34
7.34
7.34
7.34
7.34
7.34
7.33
7.33
7.33
7.33
7.33
7.33
7.33
7.33
7.33
7.33
7.33
7.33
7.33
7.33
7.33
7.33
7.33
7.33
7.33
7.33
7.33
7.33
7.33
7.33
7.33
7.33
7.33
7.33
7.33
7.33
7.33
7.33
7.33
7.33
7.33
7.33
7.33
7.33
7.33
7.33
7.33
7.33
7.33
7.33
7.33
7.33
7.33
7.33
7.33
7.33
7.33
7.33
7.33
7.33
7.33
7.33
7.33
7.33
7.33
7.33
7.33
7.33
7.33
7.33
7.33
7.33
7.33
7.33
7.33
7.33
7.33
7.33
7.33
7.33
7.33
7.33
7.33
7.33
7.33
7.33
7.33
7.33
7.33
7.33
7.33
7.33
7.33
7.33
7.33
7.33
7.33
7.33
7.33
7.33
7.28
7.29
7.29
7.30
7.30
7.30
7.31
7.31
7.31
7.31
7.31
7.32
7.32
7.32
7.32
7.32
7.32
7.32
7.32
7.32
7.33
7.33
7.33
7.33
7.33
7.33
7.33
7.33
7.33
7.33
7.33
7.33
7.33
7.33
7.33
7.33
7.33
7.33
7.33
7.33
7.33
7.33
7.33
7.33
7.33
7.33
7.33
7.33
7.28
7.29
7.29
7.30
7.30
7.30
7.31
7.31
7.31
7.31
7.31
7.32
7.32
7.32
7.32
7.32
7.32
7.32
7.32
7.32
7.33
7.33
7.33
7.33
7.33
7.33
7.28
7.28
7.29
7.29
7.30
7.30
7.30
7.31
7.31
7.31
7.26
7.22
7.23
7.24
7.25
7.26
7.27
7.27
7.28
7.28
7.29
7.29
7.30
7.30
7.30
7.31
7.31
7.31
7.26
7.27
7.23
7.24
7.20
7.21
7.22
7.23
7.24
7.25
7.26
7.27
7.23
7.24
7.25
7.21
7.22
7.23
7.24
7.25
7.26
7.26
7.27
7.28
7.28
7.24
7.25
7.26
7.26
7.27
7.28
7.23
7.24
7.25
7.26
7.27
7.27
7.28
7.28
7.24
7.20
7.21
7.23
7.24
7.20
7.16
7.18
7.19
7.16
7.18
7.19
7.21
7.17
7.19
7.20
7.21
7.22
7.24
7.25
7.20
7.17
7.18
7.20
7.21
7.22
7.24
7.24
7.25
7.26
7.27
7.27
7.28
7.29
7.29
7.29
7.25
7.21
7.22
7.23
7.24
7.20
7.21
7.23
7.19
7.20
7.22
7.23
7.24
7.25
7.26
7.26
7.22
7.23
7.24
7.20
7.21
7.23
7.24
7.20
7.16
7.18
7.19
7.21
7.22
7.18
7.20
7.21
7.22
7.23
7.24
7.25
7.26
7.22
7.23
7.24
7.20
7.21
7.23
7.19
7.20
7.21
7.23
7.19
7.20
7.17
7.13
7.10
7.08
7.10
7.13
7.15
7.12
7.14
7.16
7.13
7.15
7.12
7.09
7.11
7.13
7.11
7.08
7.10
7.08
7.10
7.08
7.05
7.03
7.01
7.00
7.03
7.06
7.04
7.07
7.05
7.03
7.01
6.99
6.98
7.01
6.99
7.03
7.01
7.04
7.02
7.05
7.03
7.06
7.04
7.07
7.05
7.07
7.10
7.07
7.10
7.07
7.05
7.03
7.01
7.04
7.07
7.10
7.07
7.10
7.07
7.10
7.07
7.05
7.03
7.06
7.04
7.02
7.00
7.03
7.01
7.05
7.03
7.01
6.99
6.98
7.01
6.99
7.03
7.06
7.09
7.11
7.08
7.06
7.04
7.07
7.09
7.07
7.09
7.07
7.05
7.03
7.01
6.99
7.03
7.01
7.04
7.02
7.00
6.99
6.97
6.96
6.95
6.94
6.93
6.97
7.00
6.99
6.97
6.96
6.95
6.94
6.93
6.92
6.96
6.95
6.94
6.93
6.92
6.91
6.91
6.90
6.94
6.93
6.92
6.96
7.00
6.99
7.02
7.00
6.99
6.97
6.96
6.95
6.94
6.93
6.92
6.91
6.90
6.90
6.94
6.93
6.92
6.91
6.91
6.90
6.90
6.89
6.93
6.92
6.92
6.96
7.00
6.98
7.02
7.05
7.03
7.01
6.99
7.03
7.01
7.04
7.02
7.00
6.99
6.97
6.96
7.00
6.98
6.97
7.00
6.99
7.02
7.00
6.99
6.97
6.96
6.95
6.94
6.98
7.01
7.00
6.98
6.97
6.95
6.99
6.98
6.96
7.00
6.98
6.97
6.96
6.99
6.98
6.97
6.95
6.99
6.98
6.96
6.95
6.94
6.98
6.97
6.95
6.99
6.98
6.96
6.95
6.94
6.93
6.92
6.91
6.91
6.95
6.94
6.93
6.92
6.96
6.95
6.94
6.98
6.96
7.00
6.99
6.97
6.96
6.95
6.94
6.93
6.92
6.91
6.90
6.90
6.89
6.89
6.88
6.88
6.88
6.87
6.87
6.87
6.86
6.86
6.86
6.86
6.91
6.90
6.89
6.89
6.88
6.88
6.88
6.87
6.87
6.87
6.86
6.86
6.86
6.86
6.86
6.86
6.85
6.85
6.85
6.85
6.85
6.85
6.85
6.85
6.85
6.85
6.85
6.85
6.85
6.85
6.85
6.85
6.84
6.84
6.84
6.84
6.84
6.84
6.84
6.84
6.84
6.84
6.84
6.84
6.89
6.89
6.88
6.88
6.88
6.87
6.87
6.87
6.86
6.86
6.86
6.86
6.86
6.86
6.85
6.90
6.90
6.89
6.89
6.88
6.88
6.87
6.87
6.87
6.87
6.86
6.86
6.86
6.86
6.86
6.85
6.85
6.85
6.85
6.85
6.85
6.85
6.85
6.85
6.85
6.85
6.85
6.85
6.85
6.85
6.85
6.84
6.84
6.84
6.84
6.84
6.84
6.84
6.84
6.84
6.84
6.84
6.84
6.84
6.84
6.84
6.89
6.89
6.88
6.88
6.92
6.92
6.91
6.90
6.90
6.89
6.89
6.88
6.88
6.87
6.87
6.87
6.87
6.86
6.86
6.86
6.86
6.86
6.85
6.85
6.85
6.85
6.85
6.85
6.85
6.85
6.85
6.85
6.85
6.85
6.85
6.85
6.85
6.85
6.84
6.84
6.84
6.84
6.84
6.84
6.84
6.84
6.84
6.84
6.84
6.84
6.84
6.84
6.84
6.84
6.84
6.84
6.84
6.84
6.84
6.84
6.84
6.84
6.84
6.84
6.84
6.84
6.84
6.84
6.84
6.84
6.84
6.84
6.84
6.84
6.84
6.84
6.84
6.84
6.84
6.84
6.84
6.84
6.84
6.84
6.84
6.84
6.84
6.84
6.84
6.84
6.84
6.84
6.84
6.84
6.84
6.84
6.84
6.84
6.84
6.84
6.89
6.89
6.88
6.88
6.87
6.87
6.87
6.87
6.86
6.86
6.86
6.86
6.86
6.86
6.85
6.85
6.85
6.85
6.85
6.85
6.85
6.85
6.85
6.85
6.85
6.85
6.85
6.85
6.85
6.84
6.84
6.84
6.84
6.84
6.84
6.84
6.84
6.84
6.84
6.84
6.84
6.84
6.84
6.84
6.84
6.84
6.84
6.84
6.84
6.84
6.84
6.84
6.84
6.84
6.84
6.84
6.84
6.84
6.84
6.84
6.84
6.84
6.84
6.84
6.84
6.84
6.84
6.84
6.84
6.84
6.84
6.84
6.84
6.84
6.84
6.84
6.84
6.84
6.84
6.84
6.84
6.84
6.84
6.84
6.84
6.84
6.84
6.84
6.84
6.84
6.84
6.84
6.84
6.84
6.84
6.84
6.84
6.84
6.84
6.84
6.84
6.84
6.84
6.84
6.79
6.80
6.80
6.81
6.81
6.76
6.82
6.82
6.78
6.78
6.79
6.79
6.80
6.80
6.81
6.81
6.81
6.82
6.82
6.82
6.82
6.83
6.83
6.83
6.83
6.83
6.83
6.83
6.83
6.84
6.84
6.84
6.84
6.79
6.79
6.80
6.80
6.81
6.81
6.81
6.82
6.82
6.82
6.82
6.83
6.83
6.83
6.83
6.83
6.83
6.83
6.83
6.84
6.84
6.84
6.84
6.84
6.84
6.84
6.84
6.84
6.84
6.84
6.84
6.84
6.84
6.84
6.84
6.84
6.84
6.84
6.84
6.84
6.84
6.84
6.84
6.84
6.84
6.84
6.84
6.84
6.84
6.84
6.84
6.84
6.84
6.84
6.84
6.84
6.84
6.84
6.79
6.80
6.80
6.81
6.81
6.81
6.82
6.82
6.82
6.82
6.83
6.83
6.83
6.83
6.83
6.83
6.83
6.83
6.84
6.84
6.84
6.84
6.84
6.84
6.79
6.80
6.80
6.80
6.81
6.81
6.81
6.82
6.82
6.82
6.82
6.83
6.83
6.78
6.79
6.79
6.80
6.80
6.81
6.81
6.81
6.82
6.82
6.82
6.82
6.83
6.83
6.83
6.83
6.83
6.83
6.83
6.83
6.84
6.84
6.84
6.84
6.84
6.79
6.79
6.80
6.80
6.81
6.81
6.81
6.82
6.82
6.82
6.82
6.83
6.83
6.83
6.83
6.83
6.83
6.83
6.83
6.84
6.84
6.84
6.84
6.84
6.84
6.84
6.84
6.84
6.84
6.84
6.84
6.84
6.84
6.84
6.84
6.84
6.79
6.80
6.80
6.81
6.81
6.81
6.82
6.82
6.82
6.82
6.83
6.78
6.78
6.74
6.75
6.76
6.77
6.73
6.74
6.75
6.76
6.77
6.77
6.78
6.79
6.79
6.75
6.76
6.77
6.77
6.78
6.79
6.79
6.80
6.80
6.76
6.72
6.73
6.74
6.75
6.76
6.77
6.78
6.73
6.74
6.75
6.76
6.77
6.78
6.78
6.79
6.80
6.80
6.80
6.81
6.81
6.81
6.82
6.82
6.82
6.78
6.78
6.79
6.79
6.75
6.71
6.72
6.74
6.75
6.76
6.76
6.77
6.78
6.79
6.79
6.80
6.80
6.81
6.81
6.76
6.77
6.78
6.74
6.70
6.71
6.73
6.74
6.75
6.71
6.72
6.73
6.74
6.75
6.71
6.73
6.74
6.70
6.71
6.73
6.74
6.75
6.76
6.77
6.77
6.78
6.79
6.79
6.80
6.75
6.71
6.73
6.74
6.75
6.76
6.77
6.77
6.78
6.79
6.79
6.80
6.80
6.81
6.76
6.77
6.73
6.69
6.71
6.72
6.73
6.74
6.75
6.71
6.73
6.74
6.75
6.76
6.77
6.72
6.69
6.70
6.72
6.68
6.70
6.66
6.68
6.70
6.71
6.72
6.74
6.75
6.71
6.72
6.73
6.74
6.71
6.67
6.64
6.66
6.68
6.69
6.71
6.72
6.69
6.70
6.72
6.73
6.74
6.75
6.76
6.77
6.77
6.78
6.74
6.70
6.71
6.68
6.69
6.71
6.67
6.69
6.71
6.72
6.73
6.74
6.75
6.76
6.72
6.68
6.65
6.67
6.69
6.65
6.67
6.69
6.71
6.72
6.68
6.70
6.71
6.73
6.69
6.66
6.63
6.65
6.62
6.59
6.57
6.59
6.62
6.59
6.62
6.59
6.57
6.60
6.62
6.59
6.62
6.59
6.62
6.59
6.62
6.64
6.61
6.58
6.61
6.58
6.56
6.54
6.52
6.51
6.54
6.57
6.55
6.53
6.56
6.59
6.61
6.64
6.61
6.58
6.61
6.63
6.65
6.67
6.64
6.61
6.59
6.61
6.63
6.61
6.63
6.65
6.62
6.59
6.57
6.55
6.58
6.56
6.54
6.52
6.50
6.49
6.47
6.46
6.50
6.48
6.52
6.55
6.53
6.52
6.55
6.58
6.60
6.63
6.60
6.58
6.60
6.63
6.65
6.67
6.68
6.65
6.62
6.64
6.66
6.68
6.65
6.62
6.59
6.57
6.55
6.53
6.56
6.54
6.57
6.60
6.62
6.64
6.61
6.59
6.56
6.59
6.57
6.55
6.53
6.56
6.59
6.61
6.64
6.61
6.58
6.56
6.59
6.61
6.59
6.61
6.59
6.56
6.59
6.57
6.60
6.57
6.55
6.53
6.56
6.54
6.57
6.60
6.62
6.64
6.62
6.59
6.57
6.59
6.62
6.64
6.61
6.59
6.56
6.54
6.52
6.51
6.49
6.53
6.56
6.54
6.57
6.55
6.53
6.56
6.59
6.61
6.64
6.61
6.63
6.65
6.62
6.60
6.57
6.55
6.53
6.51
6.50
6.48
6.47
6.46
6.45
6.49
6.47
6.46
6.45
6.44
6.43
6.47
6.51
6.49
6.48
6.47
6.46
6.50
6.48
6.47
6.51
6.49
6.48
6.46
6.45
6.44
6.43
6.43
6.47
6.51
6.49
6.48
6.46
6.50
6.49
6.47
6.51
6.54
6.57
6.60
6.58
6.55
6.53
6.52
6.50
6.49
6.52
6.55
6.53
6.52
6.50
6.48
6.47
6.46
6.45
6.44
6.48
6.47
6.46
6.49
6.48
6.47
6.46
6.45
6.44
6.43
6.47
6.51
6.49
6.53
6.51
6.49
6.53
6.51
6.50
6.53
6.51
6.50
6.48
6.47
6.46
6.45
6.49
6.47
6.46
6.45
6.44
6.43
6.47
6.46
6.45
6.44
6.43
6.42
6.47
6.46
6.49
6.48
6.47
6.46
6.49
6.53
6.51
6.50
6.53
6.51
6.50
6.48
6.47
6.46
6.45
6.44
6.43
6.42
6.42
6.41
6.40
6.40
6.39
6.39
6.39
6.38
6.38
6.38
6.38
6.37
6.37
6.37
6.42
6.41
6.40
6.40
6.40
6.44
6.48
6.47
6.46
6.45
6.44
6.43
6.42
6.46
6.45
6.44
6.43
6.43
6.42
6.41
6.41
6.40
6.40
6.44
6.43
6.42
6.42
6.41
6.41
6.40
6.40
6.39
6.39
6.38
6.43
6.42
6.42
6.41
6.40
6.40
6.39
6.39
6.39
6.38
6.38
6.38
6.38
6.37
6.37
6.37
6.37
6.37
6.37
6.36
6.36
6.36
6.36
6.36
6.36
6.41
6.40
6.40
6.39
6.44
6.43
6.47
6.46
6.45
6.44
6.43
6.42
6.47
6.45
6.44
6.43
6.43
6.42
6.41
6.41
6.40
6.40
6.39
6.39
6.39
6.38
6.38
6.38
6.37
6.37
6.37
6.37
6.37
6.37
6.36
6.36
6.36
6.36
6.36
6.36
6.41
6.45
6.44
6.43
6.43
6.42
6.41
6.41
6.40
6.40
6.39
6.39
6.38
6.38
6.38
6.38
6.37
6.37
6.37
6.37
6.37
6.41
6.46
6.45
6.44
6.43
6.42
6.42
6.41
6.40
6.40
6.39
6.44
6.43
6.42
6.42
6.41
6.40
6.40
6.39
6.39
6.39
6.38
6.38
6.38
6.38
6.37
6.37
6.37
6.37
6.37
6.37
6.36
6.36
6.41
6.41
6.40
6.40
6.39
6.39
6.38
6.38
6.38
6.38
6.37
6.37
6.37
6.42
6.41
6.41
6.40
6.40
6.39
6.39
6.38
6.38
6.38
6.38
6.37
6.37
6.37
6.37
6.37
6.37
6.36
6.36
6.36
6.36
6.36
6.36
6.36
6.36
6.36
6.36
6.36
6.36
6.36
6.36
6.36
6.36
6.36
6.36
6.36
6.36
6.36
6.36
6.35
6.35
6.35
6.35
6.35
6.35
6.35
6.35
6.35
6.35
6.35
6.35
6.35
6.35
6.35
6.35
6.35
6.35
6.35
6.35
6.35
6.35
6.35
6.35
6.35
6.35
6.35
6.35
6.35
6.35
6.35
6.35
6.35
6.35
6.35
6.35
6.35
6.35
6.35
6.35
6.35
6.35
6.35
6.35
6.35
6.35
6.35
6.35
6.35
6.35
6.35
6.35
6.35
6.35
6.35
6.35
6.35
6.35
6.35
6.40
6.40
6.39
6.39
6.39
6.38
6.43
6.42
6.41
6.46
6.45
6.44
6.43
6.42
6.41
6.41
6.40
6.40
6.39
6.39
6.39
6.38
6.38
6.38
6.38
6.37
6.37
6.37
6.37
6.37
6.37
6.36
6.36
6.36
6.41
6.40
6.40
6.39
6.39
6.39
6.38
6.38
6.38
6.38
6.37
6.37
6.37
6.37
6.37
6.37
6.36
6.36
6.36
6.36
6.36
6.36
6.36
6.36
6.36
6.36
6.36
6.36
6.36
6.36
6.36
6.36
6.36
6.36
6.36
6.36
6.36
6.36
6.35
6.35
6.35
6.35
6.35
6.35
6.40
6.40
6.39
6.39
6.39
6.38
6.38
6.38
6.38
6.37
6.37
6.37
6.37
6.37
6.37
6.36
6.36
6.36
6.36
6.36
6.36
6.36
6.41
6.40
6.40
6.39
6.39
6.39
6.38
6.38
6.38
6.37
6.37
6.37
6.37
6.37
6.37
6.36
6.36
6.36
6.36
6.36
6.36
6.36
6.36
6.36
6.36
6.36
6.36
6.36
6.36
6.36
6.36
6.36
6.36
6.36
6.36
6.36
6.36
6.35
6.35
6.35
6.35
6.35
6.35
6.35
6.35
6.35
6.35
6.35
6.35
6.35
6.35
6.35
6.35
6.35
6.35
6.35
6.35
6.35
6.35
6.35
6.35
6.35
6.35
6.35
6.35
6.35
6.35
6.35
6.35
6.35
6.35
6.35
6.35
6.35
6.35
6.35
6.35
6.35
6.35
6.35
6.35
6.35
6.35
6.35
6.35
6.35
6.35
6.35
6.35
6.35
6.35
6.35
6.35
6.35
6.35
6.35
6.35
6.35
6.35
6.35
6.35
6.35
6.35
6.35
6.35
6.35
6.35
6.35
6.35
6.35
6.35
6.35
6.35
6.35
6.35
6.35
6.35
6.35
6.35
6.40
6.40
6.39
6.39
6.39
6.38
6.38
6.38
6.37
6.37
6.37
6.37
6.37
6.37
6.37
6.36
6.36
6.36
6.36
6.36
6.36
6.36
6.36
6.36
6.36
6.36
6.36
6.36
6.36
6.36
6.36
6.36
6.36
6.36
6.36
6.36
6.35
6.35
6.35
6.35
6.35
6.35
6.35
6.35
6.35
6.35
6.35
6.35
6.35
6.35
6.35
6.35
6.35
6.35
6.35
6.35
6.35
6.35
6.35
6.35
6.35
6.35
6.35
6.35
6.35
6.35
6.35
6.35
6.35
6.35
6.35
6.35
6.35
6.35
6.35
6.35
6.35
6.35
6.35
6.35
6.35
6.35
6.40
6.40
6.39
6.39
6.39
6.38
6.38
6.38
6.37
6.37
6.37
6.42
6.41
6.41
6.40
6.40
6.39
6.39
6.38
6.38
6.38
6.38
6.37
6.37
6.37
6.37
6.37
6.37
6.36
6.36
6.36
6.31
6.32
6.32
6.32
6.33
6.33
6.33
6.33
6.34
6.34
6.29
6.30
6.30
6.31
6.31
6.32
6.32
6.32
6.33
6.33
6.33
6.33
6.34
6.34
6.34
6.34
6.34
6.34
6.34
6.35
6.35
6.35
6.35
6.35
6.35
6.35
6.35
6.35
6.35
6.35
6.35
6.30
6.31
6.31
6.32
6.32
6.32
6.33
6.33
6.33
6.33
6.34
6.34
6.34
6.34
6.34
6.34
6.34
6.35
6.35
6.35
6.35
6.35
6.35
6.35
6.35
6.35
6.35
6.35
6.35
6.35
6.30
6.31
6.31
6.32
6.32
6.32
6.33
6.33
6.33
6.33
6.34
6.34
6.34
6.34
6.34
6.34
6.34
6.35
6.35
6.35
6.35
6.35
6.35
6.35
6.35
6.35
6.35
6.35
6.35
6.35
6.35
6.35
6.30
6.31
6.31
6.32
6.32
6.32
6.33
6.33
6.33
6.33
6.34
6.34
6.34
6.34
6.34
6.34
6.34
6.35
6.35
6.35
6.35
6.30
6.30
6.31
6.31
6.32
6.32
6.32
6.33
6.33
6.33
6.33
6.34
6.34
6.34
6.34
6.34
6.34
6.34
6.35
6.35
6.35
6.35
6.35
6.35
6.35
6.35
6.35
6.35
6.30
6.31
6.31
6.32
6.32
6.32
6.33
6.33
6.33
6.33
6.29
6.29
6.30
6.31
6.31
6.31
6.32
6.32
6.33
6.33
6.33
6.33
6.33
6.34
6.34
6.34
6.29
6.30
6.30
6.31
6.31
6.27
6.28
6.28
6.29
6.30
6.30
6.31
6.31
6.32
6.32
6.32
6.33
6.33
6.33
6.33
6.34
6.34
6.34
6.29
6.30
6.30
6.31
6.31
6.32
6.32
6.32
6.33
6.33
6.33
6.33
6.34
6.34
6.34
6.34
6.29
6.30
6.31
6.31
6.31
6.32
6.32
6.33
6.33
6.33
6.33
6.33
6.34
6.34
6.34
6.34
6.34
6.34
6.34
6.35
6.35
6.35
6.35
6.35
6.35
6.35
6.35
6.35
6.35
6.30
6.31
6.31
6.32
6.32
6.32
6.33
6.33
6.33
6.33
6.34
6.34
6.34
6.34
6.34
6.34
6.34
6.35
6.30
6.30
6.31
6.31
6.32
6.32
6.32
6.33
6.33
6.33
6.33
6.34
6.29
6.30
6.30
6.31
6.31
6.32
6.32
6.32
6.33
6.33
6.33
6.33
6.34
6.34
6.34
6.29
6.25
6.26
6.27
6.23
6.24
6.25
6.26
6.22
6.24
6.25
6.21
6.22
6.19
6.20
6.22
6.23
6.25
6.26
6.27
6.27
6.28
6.29
6.30
6.30
6.31
6.26
6.27
6.28
6.29
6.29
6.30
6.31
6.31
6.31
6.32
6.32
6.33
6.33
6.33
6.33
6.34
6.34
6.34
6.29
6.30
6.30
6.31
6.31
6.32
6.32
6.32
6.33
6.33
6.33
6.33
6.34
6.34
6.34
6.34
6.34
6.34
6.34
6.35
6.30
6.25
6.26
6.27
6.23
6.24
6.26
6.27
6.27
6.28
6.29
6.30
6.30
6.31
6.31
6.32
6.32
6.32
6.33
6.28
6.29
6.29
6.30
6.31
6.31
6.31
6.32
6.32
6.33
6.28
6.29
6.29
6.30
6.30
6.31
6.31
6.32
6.32
6.28
6.28
6.29
6.30
6.30
6.26
6.27
6.28
6.28
6.24
6.25
6.26
6.22
6.19
6.20
6.22
6.23
6.20
6.21
6.23
6.24
6.25
6.26
6.27
6.28
6.29
6.24
6.25
6.26
6.22
6.24
6.25
6.26
6.27
6.28
6.29
6.29
6.30
6.30
6.31
6.31
6.32
6.32
6.32
6.33
6.33
6.33
6.33
6.34
6.34
6.29
6.30
6.30
6.31
6.26
6.27
6.28
6.29
6.29
6.30
6.31
6.31
6.27
6.27
6.28
6.24
6.20
6.22
6.23
6.20
6.21
6.23
6.24
6.25
6.21
6.23
6.24
6.25
6.21
6.23
6.24
6.20
6.22
6.23
6.24
6.25
6.21
6.18
6.20
6.21
6.23
6.24
6.25
6.26
6.27
6.28
6.29
6.29
6.25
6.21
6.23
6.24
6.25
6.26
6.27
6.23
6.24
6.25
6.26
6.22
6.24
6.25
6.26
6.22
6.23
6.24
6.26
6.27
6.27
6.28
6.29
6.30
6.30
6.31
6.31
6.32
6.32
6.27
6.28
6.29
6.30
6.25
6.26
6.27
6.28
6.29
6.29
6.25
6.26
6.22
6.24
6.25
6.26
6.27
6.28
6.28
6.29
6.25
6.21
6.22
6.24
6.25
6.21
6.22
6.24
6.25
6.21
6.18
6.19
6.21
6.22
6.19
6.21
6.22
6.23
6.25
6.26
6.27
6.23
6.24
6.25
6.26
6.27
6.23
6.24
6.25
6.26
6.27
6.23
6.24
6.25
6.26
6.27
6.28
6.29
6.30
6.30
6.31
6.31
6.32
6.32
6.27
6.28
6.29
6.30
6.25
6.26
6.22
6.19
6.20
6.22
6.18
6.15
6.17
6.19
6.21
6.22
6.23
6.25
6.26
6.27
6.28
6.28
6.29
6.25
6.21
6.22
6.24
6.20
6.17
6.14
6.16
6.13
6.15
6.12
6.10
6.12
6.10
6.12
6.10
6.12
6.10
6.12
6.10
6.12
6.15
6.12
6.09
6.07
6.10
6.12
6.15
6.17
6.14
6.16
6.18
6.20
6.16
6.18
6.20
6.21
6.18
6.20
6.16
6.18
6.20
6.22
6.23
6.24
6.25
6.21
6.23
6.24
6.20
6.17
6.19
6.20
6.17
6.19
6.16
6.18
6.19
6.16
6.18
6.15
6.12
6.09
6.12
6.14
6.17
6.18
6.15
6.12
6.10
6.07
6.10
6.13
6.15
6.17
6.19
6.16
6.18
6.19
6.21
6.18
6.14
6.17
6.14
6.16
6.18
6.19
6.16
6.18
6.20
6.21
6.18
6.20
6.16
6.18
6.20
6.17
6.18
6.20
6.17
6.19
6.20
6.22
6.23
6.20
6.21
6.23
6.19
6.16
6.18
6.19
6.21
6.18
6.14
6.12
6.09
6.07
6.10
6.12
6.15
6.12
6.14
6.16
6.18
6.20
6.21
6.18
6.20
6.16
6.18
6.20
6.17
6.14
6.11
6.13
6.11
6.13
6.15
6.17
6.19
6.21
6.22
6.24
6.20
6.21
6.23
6.24
6.20
6.22
6.23
6.20
6.21
6.18
6.19
6.16
6.18
6.20
6.16
6.18
6.15
6.12
6.10
6.12
6.15
6.17
6.19
6.15
6.17
6.19
6.21
6.22
6.24
6.20
6.21
6.23
6.24
6.20
6.17
6.19
6.20
6.22
6.23
6.24
6.26
6.22
6.18
6.15
6.12
6.14
6.12
6.14
6.11
6.14
6.16
6.18
6.15
6.12
6.14
6.16
6.18
6.20
6.21
6.18
6.20
6.21
6.23
6.19
6.21
6.22
6.24
6.20
6.21
6.23
6.24
6.25
6.26
6.22
6.19
6.15
6.17
6.19
6.16
6.18
6.20
6.21
6.18
6.15
6.17
6.19
6.20
6.22
6.23
6.24
6.21
6.17
6.19
6.21
6.22
6.19
6.20
6.17
6.19
6.20
6.22
6.23
6.24
6.26
6.22
6.23
6.19
6.16
6.13
6.10
6.08
6.11
6.13
6.11
6.13
6.10
6.13
6.10
6.08
6.06
6.09
6.11
6.14
6.11
6.13
6.11
6.08
6.11
6.09
6.11
6.09
6.07
6.05
6.03
6.01
6.05
6.08
6.10
6.13
6.10
6.13
6.10
6.08
6.06
6.04
6.07
6.10
6.07
6.05
6.08
6.11
6.13
6.16
6.18
6.19
6.16
6.13
6.11
6.13
6.15
6.12
6.10
6.07
6.10
6.08
6.06
6.04
6.07
6.10
6.07
6.05
6.08
6.11
6.09
6.11
6.14
6.16
6.18
6.15
6.12
6.09
6.07
6.10
6.12
6.15
6.12
6.09
6.12
6.14
6.12
6.09
6.07
6.10
6.12
6.15
6.17
6.18
6.15
6.17
6.19
6.21
6.17
6.19
6.21
6.22
6.19
6.20
6.17
6.19
6.20
6.17
6.19
6.21
6.17
6.14
6.16
6.13
6.15
6.17
6.14
6.16
6.13
6.11
6.13
6.15
6.13
6.10
6.12
6.10
6.12
6.15
6.12
6.09
6.07
6.05
6.08
6.06
6.09
6.07
6.05
6.08
6.06
6.09
6.06
6.09
6.07
6.10
6.07
6.05
6.08
6.06
6.04
6.02
6.06
6.04
6.02
6.01
5.99
5.98
6.02
6.00
5.99
6.02
6.06
6.04
6.02
6.05
6.04
6.02
6.00
5.99
5.98
5.97
5.96
5.95
5.99
5.97
6.01
6.00
5.98
5.97
6.01
6.00
5.98
6.02
6.05
6.03
6.02
6.00
6.04
6.02
6.05
6.03
6.02
6.05
6.08
6.06
6.04
6.07
6.05
6.03
6.06
6.04
6.03
6.06
6.04
6.07
6.10
6.08
6.06
6.08
6.11
6.09
6.06
6.09
6.12
6.09
6.07
6.05
6.08
6.06
6.04
6.07
6.10
6.13
6.15
6.17
6.14
6.11
6.09
6.06
6.04
6.08
6.10
6.08
6.11
6.13
6.10
6.13
6.10
6.08
6.06
6.09
6.07
6.09
6.07
6.05
6.03
6.02
6.00
5.99
6.02
6.01
5.99
6.03
6.06
6.04
6.02
6.01
5.99
6.03
6.01
6.00
5.99
5.97
5.96
6.00
5.99
5.98
6.01
6.00
6.03
6.07
6.05
6.08
6.06
6.04
6.02
6.00
5.99
5.98
5.97
5.96
6.00
5.98
5.97
5.96
5.95
5.94
5.93
5.93
5.92
5.96
6.00
6.04
6.07
6.05
6.03
6.01
6.05
6.08
6.11
6.08
6.06
6.04
6.07
6.10
6.08
6.06
6.04
6.02
6.00
5.99
5.98
5.97
6.01
5.99
5.98
6.02
6.05
6.03
6.01
6.00
5.99
5.97
6.01
6.00
5.98
5.97
6.01
6.00
5.98
6.02
6.05
6.08
6.11
6.09
6.11
6.09
6.07
6.09
6.12
6.09
6.07
6.10
6.13
6.10
6.08
6.05
6.08
6.11
6.14
6.11
6.08
6.11
6.14
6.11
6.08
6.11
6.09
6.11
6.09
6.12
6.14
6.16
6.13
6.15
6.12
6.15
6.12
6.14
6.11
6.09
6.07
6.10
6.12
6.10
6.07
6.10
6.13
6.10
6.13
6.10
6.12
6.10
6.12
6.10
6.08
6.05
6.08
6.11
6.09
6.11
6.09
6.07
6.09
6.07
6.10
6.13
6.10
6.08
6.05
6.04
6.02
6.00
6.04
6.07
6.05
6.03
6.01
6.05
6.03
6.01
6.00
5.99
5.97
5.96
5.95
5.99
5.98
5.97
5.96
5.95
5.94
5.93
5.98
5.96
6.00
5.99
5.98
5.97
5.96
5.95
5.99
5.98
5.96
5.95
5.95
5.94
5.93
5.92
5.92
5.91
5.91
5.95
5.94
5.94
5.93
5.97
5.96
5.95
5.94
5.93
5.93
5.92
5.96
6.00
6.04
6.02
6.01
6.04
6.02
6.06
6.04
6.02
6.05
6.08
6.06
6.04
6.02
6.01
6.04
6.03
6.01
5.99
6.03
6.01
6.05
6.03
6.06
6.09
6.07
6.10
6.07
6.05
6.03
6.02
6.00
5.99
5.98
6.01
6.05
6.08
6.11
6.08
6.06
6.09
6.12
6.14
6.11
6.09
6.07
6.09
6.07
6.05
6.03
6.02
6.00
6.04
6.07
6.05
6.03
6.01
6.00
5.98
5.97
6.01
6.05
6.03
6.01
6.00
6.03
6.02
6.00
5.99
5.97
5.96
5.95
5.99
5.98
5.97
5.96
5.95
5.94
5.93
5.93
5.97
5.96
6.00
5.99
5.97
5.96
5.95
5.94
5.94
5.98
5.97
5.96
5.95
5.94
5.93
5.92
5.92
5.91
5.91
5.90
5.90
5.90
5.89
5.94
5.93
5.93
5.92
5.96
5.95
5.94
5.94
5.98
5.97
5.96
6.00
5.98
6.02
6.00
6.04
6.02
6.01
5.99
5.98
5.97
5.96
5.95
5.94
5.93
5.97
5.96
5.95
5.95
5.94
5.93
5.97
5.96
5.95
5.94
5.94
5.93
5.92
5.92
5.96
6.00
5.99
6.02
6.01
5.99
5.98
5.97
5.96
5.95
5.94
5.98
5.97
6.01
6.04
6.03
6.06
6.04
6.02
6.01
5.99
6.03
6.01
6.00
6.03
6.06
6.04
6.03
6.01
6.00
5.98
5.97
5.96
5.95
5.94
5.93
5.93
5.92
5.92
5.91
5.91
5.95
5.94
5.93
5.93
5.92
5.96
5.95
5.95
5.94
5.93
5.92
5.92
5.91
5.91
5.90
5.90
5.90
5.89
5.89
5.89
5.89
5.88
5.88
5.93
5.92
5.92
5.96
5.95
5.94
5.93
5.93
5.92
5.92
5.91
5.91
5.90
5.90
5.90
5.89
5.89
5.89
5.93
5.93
5.92
5.92
5.91
5.91
5.90
5.90
5.89
5.89
5.89
5.89
5.88
5.88
5.88
5.88
5.88
5.88
5.88
5.87
5.87
5.87
5.87
5.87
5.87
5.87
5.87
5.87
5.87
5.87
5.92
5.91
5.91
5.90
5.90
5.90
5.89
5.89
5.89
5.89
5.88
5.88
5.88
5.88
5.88
5.88
5.92
5.97
5.96
5.95
5.94
5.93
5.97
5.96
5.95
5.99
6.03
6.01
6.00
5.98
5.97
6.01
6.05
6.03
6.01
6.00
6.03
6.02
6.00
5.99
6.02
6.01
5.99
5.98
5.97
5.96
5.95
5.94
5.93
5.98
5.96
5.95
5.95
5.99
5.97
5.96
5.95
5.94
5.94
5.93
5.92
5.92
5.91
5.91
5.90
5.90
5.90
5.89
5.89
5.89
5.89
5.88
5.88
5.88
5.88
5.88
5.88
5.87
5.92
5.92
5.91
5.91
5.90
5.90
5.90
5.89
5.89
5.89
5.89
5.88
5.88
5.88
5.88
5.88
5.88
5.87
5.87
5.87
5.87
5.87
5.87
5.87
5.87
5.87
5.87
5.87
5.87
5.87
5.87
5.87
5.87
5.87
5.87
5.87
5.87
5.87
5.92
5.91
5.95
5.95
5.94
5.93
5.92
5.92
5.91
5.91
5.90
5.90
5.90
5.89
5.89
5.89
5.89
5.88
5.88
5.88
5.88
5.88
5.88
5.87
5.87
5.92
5.97
5.96
5.99
5.98
5.97
5.96
5.95
5.94
5.93
5.93
5.92
5.92
5.91
5.91
5.90
5.90
5.89
5.89
5.89
5.89
5.88
5.88
5.88
5.88
5.88
5.88
5.88
5.87
5.87
5.87
5.87
5.87
5.87
5.87
5.87
5.87
5.87
5.87
5.87
5.87
5.87
5.87
5.87
5.87
5.87
5.87
5.87
5.87
5.87
5.91
5.91
5.91
5.90
5.90
5.89
5.89
5.89
5.89
5.88
5.88
5.88
5.88
5.88
5.88
5.88
5.87
5.87
5.87
5.87
5.87
5.87
5.92
5.91
5.91
5.90
5.90
5.90
5.89
5.89
5.89
5.89
5.88
5.88
5.88
5.88
5.88
5.88
5.88
5.87
5.87
5.87
5.87
5.87
5.87
5.87
5.87
5.87
5.87
5.87
5.87
5.87
5.87
5.87
5.87
5.87
5.87
5.87
5.87
5.87
5.87
5.87
5.87
5.91
5.91
5.91
5.90
5.90
5.89
5.94
5.93
5.93
5.92
5.91
5.91
5.91
5.90
5.90
5.89
5.89
5.89
5.89
5.93
5.93
5.92
5.91
5.91
5.91
5.90
5.90
5.89
5.89
5.89
5.89
5.88
5.88
5.88
5.88
5.88
5.93
5.92
5.91
5.96
5.95
5.94
5.93
5.93
5.92
5.91
5.91
5.91
5.95
5.94
5.93
5.93
5.92
5.92
5.91
5.91
5.90
5.95
5.94
5.98
5.97
6.01
5.99
5.98
5.97
5.96
5.95
5.94
5.93
5.93
5.92
5.91
5.91
5.91
5.90
5.90
5.89
5.89
5.89
5.89
5.88
5.88
5.88
5.88
5.88
5.88
5.88
5.87
5.87
5.87
5.87
5.87
5.87
5.87
5.87
5.87
5.87
5.87
5.87
5.87
5.87
5.87
5.87
5.87
5.87
5.87
5.87
5.87
5.87
5.91
5.91
5.95
5.95
5.94
5.93
5.92
5.92
5.91
5.91
5.90
5.90
5.90
5.89
5.89
5.89
5.89
5.88
5.93
5.92
5.92
5.91
5.91
5.90
5.90
5.90
5.89
5.89
5.89
5.89
5.88
5.88
5.88
5.88
5.88
5.88
5.87
5.87
5.87
5.87
5.87
5.87
5.87
5.87
5.87
5.87
5.87
5.87
5.87
5.87
5.87
5.87
5.87
5.87
5.87
5.87
5.87
5.87
5.87
5.87
5.87
5.87
5.87
5.87
5.87
5.87
5.87
5.87
5.87
5.87
5.87
5.87
5.87
5.87
5.87
5.87
5.87
5.91
5.91
5.90
5.90
5.90
5.89
5.89
5.94
5.93
5.92
5.92
5.91
5.91
5.90
5.90
5.90
5.89
5.89
5.89
5.89
5.88
5.88
5.88
5.88
5.93
5.92
5.91
5.91
5.91
5.90
5.90
5.89
5.89
5.89
5.89
5.88
5.88
5.88
5.88
5.93
5.92
5.91
5.91
5.95
5.95
5.94
5.98
5.97
5.96
5.90
5.90
5.94
5.93
5.93
5.92
5.92
5.91
5.91
5.90
5.90
5.89
5.89
5.89
5.89
5.88
5.88
5.93
5.92
5.92
5.91
5.91
5.90
5.90
5.90
5.89
5.89
5.89
5.89
5.88
5.88
5.88
5.88
5.88
5.88
5.87
5.87
5.87
5.87
5.87
5.87
5.87
5.87
5.87
5.87
5.87
5.87
5.87
5.87
5.87
5.87
5.87
5.87
5.87
5.87
5.87
5.87
5.87
5.87
5.87
5.87
5.87
5.87
5.87
5.87
5.87
5.87
5.87
5.87
5.87
5.87
5.87
5.87
5.87
5.87
5.87
5.87
5.87
5.87
5.87
5.87
5.87
5.87
5.87
5.87
5.87
5.87
5.87
5.91
5.91
5.90
5.90
5.90
5.89
5.89
5.94
5.93
5.92
5.92
5.91
5.91
5.90
5.90
5.90
5.89
5.89
5.89
5.89
5.88
5.93
5.92
5.92
5.91
5.91
5.90
5.90
5.90
5.89
5.89
5.89
5.89
5.88
5.88
5.88
5.88
5.88
5.88
5.87
5.87
5.87
5.87
5.87
5.87
5.87
5.87
5.87
5.87
5.87
5.87
5.87
5.87
5.87
5.87
5.87
5.87
5.87
5.87
5.87
5.87
5.87
5.87
5.87
5.87
5.87
5.87
5.87
5.87
5.91
5.91
5.91
5.90
5.90
5.89
5.89
5.89
5.89
5.88
5.88
5.88
5.88
5.88
5.88
5.88
5.87
5.87
5.87
5.87
5.87
5.87
5.87
5.87
5.87
5.87
5.87
5.87
5.87
5.87
5.87
5.87
5.87
5.87
5.87
5.87
5.87
5.91
5.91
5.91
5.90
5.90
5.89
5.89
5.89
5.89
5.88
5.88
5.88
5.88
5.88
5.88
5.88
5.87
5.87
5.87
5.87
5.87
5.87
5.87
5.87
5.87
5.87
5.87
5.87
5.87
5.87
5.87
5.87
5.87
5.87
5.87
5.87
5.87
5.87
5.87
5.87
5.87
5.87
5.87
5.87
5.87
5.87
5.87
5.87
5.87
5.87
5.87
5.87
5.87
5.87
5.87
5.87
5.87
5.87
5.87
5.87
5.87
5.87
5.87
5.87
5.87
5.87
5.87
5.87
5.91
5.91
5.90
5.90
5.95
5.94
5.93
5.92
5.92
5.91
5.91
5.90
5.90
5.90
5.89
5.89
5.89
5.89
5.88
5.88
5.88
5.88
5.88
5.88
5.87
5.92
5.92
5.91
5.91
5.90
5.90
5.90
5.89
5.89
5.89
5.89
5.88
5.88
5.88
5.88
5.88
5.88
5.87
5.87
5.87
5.87
5.92
5.91
5.91
5.91
5.90
5.90
5.89
5.89
5.89
5.89
5.88
5.88
5.88
5.88
5.88
5.88
5.88
5.87
5.87
5.87
5.87
5.87
5.87
5.87
5.87
5.87
5.87
5.87
5.92
5.91
5.91
5.90
5.90
5.90
5.89
5.89
5.89
5.89
5.88
5.88
5.88
5.88
5.88
5.88
5.87
5.87
5.87
5.87
5.92
5.91
5.91
5.91
5.90
5.90
5.89
5.89
5.89
5.89
5.88
5.88
5.88
5.88
5.88
5.88
5.88
5.87
5.87
5.87
5.87
5.87
5.87
5.87
5.87
5.87
5.87
5.87
5.87
5.87
5.87
5.87
5.87
5.87
5.87
5.87
5.87
5.87
5.87
5.87
5.87
5.87
5.87
5.87
5.87
5.87
5.87
5.91
5.91
5.91
5.90
5.90
5.89
5.89
5.89
5.89
5.88
5.88
5.88
5.88
5.88
5.88
5.88
5.87
5.87
5.87
5.87
5.87
5.87
5.87
5.87
5.87
5.87
5.87
5.87
5.87
5.87
5.87
5.87
5.87
5.87
5.82
5.82
5.83
5.83
5.83
5.84
5.84
5.84
5.89
5.89
5.89
5.84
5.84
5.84
5.84
5.85
5.85
5.85
5.85
5.85
5.85
5.86
5.86
5.86
5.86
5.86
5.86
5.86
5.86
5.86
5.86
5.86
5.86
5.86
5.86
5.86
5.86
5.86
5.86
5.86
5.86
5.86
5.86
5.86
5.86
5.86
5.86
5.86
5.86
5.86
5.86
5.86
5.86
5.86
5.86
5.86
5.86
5.86
5.86
5.86
5.86
5.86
5.86
5.86
5.86
5.87
5.87
5.87
5.87
5.87
5.87
5.87
5.87
5.87
5.87
5.87
5.87
5.87
5.87
5.87
5.87
5.87
5.87
5.87
5.87
5.87
5.91
5.91
5.90
5.90
5.90
5.89
5.89
5.89
5.89
5.88
5.88
5.88
5.88
5.88
5.88
5.88
5.87
5.87
5.87
5.87
5.87
5.87
5.87
5.87
5.87
5.87
5.87
5.87
5.87
5.87
5.87
5.87
5.87
5.87
5.87
5.87
5.87
5.87
5.87
5.87
5.87
5.87
5.87
5.87
5.87
5.87
5.87
5.87
5.87
5.87
5.87
5.87
5.87
5.87
5.87
5.87
5.87
5.87
5.87
5.87
5.87
5.87
5.87
5.87
5.87
5.87
5.87
5.87
5.87
5.87
5.87
5.87
5.87
5.87
5.87
5.87
5.87
5.87
5.87
5.87
5.87
5.87
5.87
5.87
5.87
5.87
5.87
5.87
5.87
5.87
5.87
5.87
5.87
5.87
5.87
5.87
5.87
5.87
5.87
5.87
5.87
5.87
5.87
5.87
5.87
5.87
5.87
5.87
5.87
5.87
5.87
5.87
5.87
5.87
5.91
5.91
5.90
5.90
5.90
5.89
5.89
5.89
5.89
5.93
5.93
5.92
5.91
5.91
5.91
5.90
5.90
5.89
5.89
5.89
5.89
5.88
5.88
5.88
5.88
5.88
5.88
5.88
5.87
5.87
5.87
5.87
5.87
5.82
5.83
5.83
5.83
5.84
5.84
5.84
5.84
5.85
5.85
5.85
5.85
5.85
5.85
5.86
5.86
5.86
5.86
5.91
5.90
5.90
5.90
5.89
5.89
5.89
5.89
5.88
5.88
5.88
5.88
5.88
5.88
5.87
5.92
5.92
5.91
5.91
5.90
5.90
5.90
5.89
5.89
5.89
5.89
5.88
5.88
5.88
5.88
5.88
5.88
5.87
5.87
5.87
5.87
5.87
5.87
5.87
5.87
5.87
5.87
5.87
5.87
5.87
5.87
5.87
5.87
5.92
5.91
5.91
5.90
5.90
5.90
5.89
5.89
5.89
5.88
5.88
5.88
5.88
5.88
5.88
5.88
5.87
5.87
5.87
5.87
5.87
5.87
5.87
5.87
5.87
5.87
5.87
5.87
5.87
5.87
5.87
5.87
5.87
5.87
5.87
5.87
5.87
5.87
5.87
5.87
5.87
5.87
5.87
5.87
5.87
5.87
5.87
5.87
5.87
5.87
5.87
5.87
5.87
5.87
5.87
5.87
5.87
5.87
5.87
5.87
5.87
5.87
5.87
5.87
5.87
5.87
5.87
5.87
5.87
5.87
5.87
5.87
5.87
5.87
5.87
5.87
5.87
5.87
5.87
5.87
5.87
5.87
5.87
5.87
5.87
5.87
5.87
5.87
5.87
5.87
5.87
5.87
5.87
5.87
5.87
5.87
5.87
5.87
5.87
5.87
5.87
5.87
5.87
5.87
5.87
5.87
5.87
5.87
5.87
5.87
5.87
5.87
5.87
5.87
5.87
5.87
5.87
5.87
5.91
5.91
5.90
5.90
5.90
5.89
5.89
5.89
5.89
5.88
5.88
5.88
5.88
5.88
5.88
5.88
5.87
5.87
5.87
5.87
5.87
5.87
5.87
5.87
5.87
5.87
5.87
5.87
5.87
5.87
5.87
5.87
5.87
5.87
5.87
5.87
5.87
5.87
5.87
5.87
5.87
5.87
5.87
5.87
5.87
5.87
5.87
5.87
5.87
5.87
5.87
5.87
5.87
5.87
5.87
5.87
5.87
5.87
5.87
5.87
5.87
5.87
5.87
5.87
5.87
5.87
5.87
5.87
5.87
5.87
5.87
5.87
5.87
5.87
5.87
5.87
5.87
5.87
5.87
5.87
5.87
5.87
5.87
5.87
5.87
5.87
5.87
5.87
5.87
5.87
5.91
5.91
5.90
5.90
5.90
5.89
5.89
5.89
5.89
5.88
5.88
5.88
5.83
5.83
5.84
5.84
5.84
5.84
5.90
5.89
5.89
5.89
5.88
5.88
5.88
5.88
5.88
5.88
5.88
5.87
5.87
5.87
5.92
5.92
5.91
5.91
5.90
5.90
5.89
5.89
5.89
5.94
5.93
5.92
5.92
5.91
5.91
5.90
5.90
5.90
5.84
5.85
5.85
5.85
5.85
5.85
5.85
5.85
5.86
5.86
5.91
5.90
5.90
5.90
5.89
5.89
5.89
5.88
5.88
5.88
5.88
5.88
5.88
5.88
5.87
5.87
5.87
5.87
5.87
5.87
5.87
5.87
5.87
5.87
5.87
5.87
5.87
5.87
5.87
5.87
5.87
5.87
5.87
5.87
5.87
5.87
5.87
5.87
5.87
5.87
5.87
5.87
5.87
5.87
5.87
5.87
5.87
5.87
5.87
5.87
5.87
5.87
5.87
5.87
5.87
5.87
5.91
5.91
5.90
5.90
5.90
5.89
5.89
5.89
5.89
5.88
5.88
5.88
5.88
5.88
5.88
5.88
5.87
5.87
5.87
5.87
5.87
5.87
5.87
5.87
5.87
5.87
5.87
5.87
5.87
5.87
5.87
5.87
5.87
5.87
5.87
5.87
5.87
5.87
5.87
5.87
5.87
5.87
5.87
5.87
5.87
5.87
5.87
5.87
5.87
5.87
5.87
5.87
5.87
5.87
5.87
5.87
5.87
5.87
5.87
5.87
5.87
5.91
5.91
5.90
5.90
5.90
5.89
5.89
5.89
5.89
5.88
5.88
5.88
5.88
5.88
5.88
5.88
5.87
5.87
5.87
5.87
5.87
5.87
5.87
5.87
5.87
5.87
5.87
5.87
5.87
5.87
5.87
5.87
5.87
5.87
5.87
5.87
5.87
5.87
5.87
5.87
5.87
5.87
5.87
5.87
5.87
5.87
5.87
5.87
5.87
5.87
5.87
5.87
5.87
5.87
5.87
5.87
5.87
5.87
5.87
5.87
5.87
5.87
5.87
5.87
5.87
5.87
5.87
5.87
5.87
5.87
5.87
5.87
5.87
5.87
5.87
5.87
5.87
5.87
5.87
5.87
5.87
5.87
5.87
5.91
5.91
5.90
5.90
5.90
5.89
5.89
5.89
5.89
5.88
5.88
5.88
5.88
5.88
5.88
5.88
5.87
5.87
5.87
5.87
5.87
5.92
5.91
5.91
5.90
5.90
5.90
5.89
5.89
5.89
5.89
5.88
5.88
5.88
5.88
5.88
5.88
5.88
5.92
5.92
5.91
5.91
5.90
5.85
5.85
5.85
5.85
5.86
5.86
5.86
5.86
5.86
5.86
5.86
5.86
5.86
5.86
5.86
5.86
5.86
5.86
5.86
5.86
5.86
5.86
5.86
5.86
5.86
5.86
5.86
5.86
5.86
5.86
5.86
5.86
5.86
5.86
5.86
5.86
5.86
5.86
5.86
5.86
5.86
5.86
5.86
5.86
5.86
5.86
5.86
5.86
5.87
5.87
5.87
5.87
5.87
5.87
5.87
5.87
5.87
5.87
5.87
5.87
5.87
5.87
5.87
5.87
5.87
5.87
5.87
5.87
5.87
5.87
5.87
5.87
5.87
5.87
5.87
5.87
5.87
5.87
5.87
5.87
5.87
5.87
5.87
5.87
5.87
5.87
5.87
5.87
5.87
5.87
5.87
5.87
5.87
5.87
5.87
5.87
5.87
5.87
5.87
5.87
5.87
5.87
5.91
5.91
5.95
5.94
5.94
5.93
5.92
5.92
5.91
5.91
5.90
5.90
5.94
5.94
5.93
5.92
5.92
5.91
5.91
5.90
5.90
5.90
5.89
5.89
5.89
5.89
5.88
5.88
5.88
5.88
5.88
5.88
5.87
5.87
5.87
5.87
5.87
5.87
5.87
5.87
5.87
5.87
5.87
5.87
5.87
5.87
5.87
5.87
5.87
5.87
5.87
5.87
5.87
5.87
5.87
5.87
5.87
5.87
5.87
5.87
5.87
5.87
5.87
5.87
5.87
5.87
5.87
5.87
5.87
5.87
5.87
5.87
5.87
5.87
5.87
5.87
5.87
5.87
5.87
5.87
5.87
5.87
5.87
5.87
5.87
5.87
5.87
5.87
5.87
5.87
5.87
5.91
5.91
5.90
5.90
5.90
5.89
5.89
5.89
5.89
5.88
5.93
5.92
5.92
5.91
5.91
5.90
5.90
5.90
5.89
5.89
5.89
5.89
5.88
5.88
5.88
5.88
5.88
5.88
5.87
5.87
5.87
5.87
5.82
5.83
5.83
5.88
5.83
5.84
5.84
5.84
5.84
5.85
5.85
5.85
5.85
5.85
5.85
5.85
5.86
5.86
5.86
5.86
5.86
5.86
5.86
5.86
5.86
5.86
5.86
5.86
5.86
5.86
5.86
5.86
5.86
5.86
5.86
5.86
5.86
5.86
5.86
5.86
5.86
5.86
5.86
5.86
5.86
5.86
5.86
5.86
5.86
5.86
5.86
5.86
5.86
5.86
5.86
5.86
5.86
5.86
5.86
5.87
5.87
5.87
5.87
5.87
5.87
5.87
5.87
5.87
5.87
5.87
5.87
5.87
5.87
5.87
5.87
5.87
5.87
5.87
5.87
5.87
5.87
5.87
5.87
5.87
5.87
5.87
5.87
5.87
5.87
5.87
5.87
5.87
5.87
5.87
5.87
5.87
5.87
5.87
5.87
5.87
5.87
5.87
5.87
5.87
5.82
5.82
5.83
5.83
5.83
5.84
5.84
5.89
5.89
5.89
5.88
5.88
5.88
5.88
5.88
5.88
5.87
5.87
5.87
5.87
5.87
5.87
5.87
5.87
5.87
5.87
5.87
5.87
5.87
5.87
5.87
5.92
5.91
5.91
5.90
5.90
5.90
5.89
5.89
5.89
5.88
5.88
5.88
5.88
5.88
5.88
5.88
5.87
5.87
5.87
5.87
5.87
5.87
5.87
5.87
5.87
5.87
5.87
5.87
5.87
5.92
5.91
5.91
5.90
5.90
5.90
5.89
5.89
5.89
5.88
5.88
5.88
5.88
5.88
5.88
5.88
5.87
5.87
5.87
5.87
5.87
5.87
5.87
5.87
5.87
5.87
5.87
5.87
5.87
5.87
5.87
5.87
5.87
5.87
5.87
5.87
5.87
5.87
5.91
5.91
5.91
5.90
5.95
5.99
5.98
5.96
5.95
5.95
5.94
5.93
5.92
5.92
5.91
5.91
5.90
5.90
5.90
5.89
5.94
5.93
5.93
5.97
5.96
5.95
5.99
5.98
5.97
5.96
5.95
5.94
5.93
5.92
5.92
5.91
5.91
5.90
5.90
5.90
5.89
5.89
5.89
5.93
5.93
5.92
5.92
5.91
5.91
5.90
5.90
5.90
5.94
5.93
5.93
5.92
5.91
5.91
5.91
5.90
5.90
5.89
5.89
5.89
5.89
5.88
5.88
5.88
5.88
5.88
5.88
5.88
5.87
5.87
5.87
5.87
5.87
5.87
5.87
5.87
5.87
5.87
5.87
5.87
5.87
5.87
5.87
5.87
5.87
5.87
5.87
5.87
5.87
5.87
5.87
5.87
5.87
5.87
5.87
5.87
5.87
5.87
5.87
5.87
5.87
5.87
5.87
5.87
5.87
5.87
5.87
5.87
5.87
5.87
5.87
5.87
5.87
5.87
5.87
5.87
5.87
5.87
5.87
5.87
5.87
5.87
5.87
5.87
5.87
5.91
5.91
5.90
5.90
5.90
5.89
5.94
5.93
5.93
5.92
5.91
5.91
5.90
5.90
5.90
5.89
5.89
5.89
5.89
5.88
5.88
5.88
5.88
5.88
5.88
5.88
5.87
5.87
5.87
5.92
5.96
5.95
5.90
5.89
5.89
5.89
5.89
5.88
5.88
5.88
5.88
5.88
5.88
5.87
5.87
5.87
5.87
5.87
5.92
5.91
5.91
5.90
5.90
5.90
5.89
5.89
5.89
5.89
5.88
5.88
5.88
5.88
5.88
5.88
5.88
5.92
5.92
5.91
5.91
5.90
5.90
5.90
5.89
5.89
5.94
5.93
5.92
5.92
5.91
5.91
5.90
5.90
5.90
5.89
5.89
5.89
5.89
5.88
5.88
5.88
5.88
5.93
5.92
5.91
5.91
5.90
5.95
5.94
5.93
5.93
5.92
5.92
5.91
5.91
5.90
5.90
5.89
5.89
5.89
5.89
5.88
5.88
5.88
5.88
5.88
5.88
5.88
5.87
5.92
5.92
5.91
5.91
5.90
5.90
5.90
5.89
5.89
5.89
5.89
5.88
5.88
5.88
5.88
5.88
5.88
5.87
5.87
5.87
5.87
5.87
5.87
5.92
5.91
5.91
5.90
5.90
5.90
5.94
5.93
5.98
6.01
6.00
5.99
5.97
5.96
5.95
5.94
5.94
5.93
5.92
5.92
5.91
5.91
5.90
5.90
5.90
5.89
5.89
5.89
5.89
5.88
5.88
5.88
5.88
5.88
5.88
5.92
5.92
5.91
5.91
5.90
5.90
5.90
5.94
5.93
5.93
5.92
5.92
5.91
5.91
5.90
5.90
5.89
5.89
5.89
5.89
5.88
5.88
5.88
5.88
5.88
5.88
5.88
5.87
5.87
5.87
5.87
5.87
5.87
5.87
5.87
5.87
5.87
5.87
5.87
5.87
5.87
5.87
5.92
5.91
5.91
5.90
5.90
5.90
5.89
5.89
5.89
5.88
5.88
5.88
5.88
5.88
5.88
5.92
5.92
5.91
5.91
5.95
5.94
5.99
5.97
5.96
5.95
5.94
5.94
5.93
5.92
5.92
5.91
5.91
5.95
5.94
5.94
5.93
5.97
5.96
5.95
5.94
5.98
6.02
6.05
6.03
6.02
6.00
5.99
5.98
5.97
6.00
6.04
6.02
6.01
5.99
5.98
5.97
5.96
6.00
5.98
5.97
5.96
5.95
5.94
5.94
5.93
5.92
5.92
5.96
5.95
5.94
5.93
5.93
5.92
5.92
5.91
5.91
5.90
5.90
5.89
5.89
5.89
5.89
5.88
5.88
5.88
5.88
5.88
5.88
5.88
5.87
5.87
5.87
5.87
5.87
5.87
5.87
5.87
5.87
5.87
5.87
5.87
5.87
5.87
5.87
5.87
5.87
5.87
5.87
5.87
5.87
5.87
5.91
5.91
5.91
5.90
5.90
5.89
5.89
5.89
5.89
5.88
5.88
5.88
5.88
5.88
5.88
5.88
5.87
5.87
5.87
5.87
5.87
5.87
5.87
5.87
5.87
5.87
5.87
5.87
5.82
5.82
5.83
5.83
5.88
5.88
5.88
5.88
5.88
5.88
5.87
5.87
5.87
5.87
5.87
5.87
5.87
5.87
5.82
5.82
5.83
5.83
5.84
5.84
5.89
5.89
5.89
5.88
5.88
5.88
5.88
5.88
5.88
5.87
5.87
5.87
5.87
5.87
5.87
5.87
5.87
5.87
5.87
5.87
5.87
5.87
5.87
5.87
5.87
5.87
5.87
5.87
5.87
5.87
5.87
5.87
5.87
5.87
5.87
5.87
5.87
5.87
5.87
5.87
5.87
5.87
5.87
5.87
5.87
5.87
5.87
5.87
5.87
5.87
5.87
5.87
5.87
5.87
5.87
5.87
5.87
5.87
5.87
5.87
5.87
5.87
5.87
5.87
5.87
5.87
5.87
5.87
5.87
5.87
5.87
5.87
5.87
5.87
5.87
5.87
5.87
5.87
5.87
5.87
5.87
5.87
5.87
5.87
5.87
5.87
5.87
5.87
5.87
5.87
5.87
5.87
5.87
5.87
5.87
5.87
5.87
5.87
5.87
5.87
5.87
5.87
5.87
5.87
5.87
5.87
5.87
5.87
5.87
5.87
5.87
5.87
5.87
5.87
5.87
5.87
5.87
5.87
5.87
5.91
5.91
5.90
5.90
5.90
5.89
5.89
5.89
5.89
5.88
5.88
5.88
5.88
5.88
5.88
5.88
5.87
5.87
5.87
5.87
5.87
5.87
5.87
5.87
5.87
5.87
5.87
5.87
5.87
5.87
5.87
5.87
5.87
5.87
5.87
5.87
5.87
5.87
5.87
5.87
5.87
5.87
5.87
5.87
5.87
5.87
5.87
5.87
5.87
5.87
5.87
5.87
5.87
5.87
5.87
5.87
5.87
5.87
5.87
5.87
5.87
5.91
5.91
5.90
5.90
5.90
5.89
5.89
5.89
5.89
5.88
5.88
5.88
5.88
5.93
5.92
5.91
5.91
5.91
5.90
5.90
5.94
5.94
5.93
5.92
5.92
5.91
5.91
5.90
5.95
5.94
5.93
5.93
5.92
5.91
5.91
5.90
5.90
5.90
5.89
5.89
5.89
5.89
5.88
5.88
5.88
5.88
5.88
5.88
5.88
5.87
5.87
5.87
5.87
5.87
5.87
5.87
5.87
5.87
5.87
5.87
5.87
5.87
5.87
5.87
5.87
5.87
5.87
5.87
5.87
5.87
5.87
5.87
5.87
5.87
5.87
5.87
5.87
5.87
5.87
5.87
5.87
5.87
5.87
5.87
5.87
5.87
5.87
5.87
5.87
5.87
5.87
5.87
5.87
5.87
5.87
5.87
5.87
5.91
5.91
5.90
5.90
5.90
5.89
5.89
5.89
5.89
5.88
5.88
5.88
5.88
5.88
5.88
5.92
5.92
5.91
5.91
5.90
5.90
5.90
5.89
5.89
5.94
5.93
5.92
5.92
5.91
5.91
5.90
5.90
5.90
5.89
5.89
5.89
5.89
5.88
5.88
5.88
5.88
5.88
5.88
5.87
5.92
5.92
5.91
5.91
5.95
5.94
5.94
5.93
5.92
5.92
5.91
5.91
5.90
5.90
5.90
5.89
5.89
5.89
5.88
5.88
5.93
5.92
5.92
5.91
5.91
5.90
5.90
5.90
5.89
5.89
5.89
5.89
5.88
5.93
5.92
5.92
5.91
5.91
5.90
5.90
5.90
5.89
5.89
5.89
5.89
5.88
5.88
5.88
5.88
5.88
5.88
5.87
5.87
5.87
5.87
5.87
5.87
5.87
5.87
5.87
5.87
5.87
5.87
5.87
5.87
5.87
5.87
5.87
5.87
5.92
5.91
5.91
5.90
5.90
5.89
5.89
5.89
5.89
5.88
5.88
5.88
5.88
5.88
5.88
5.88
5.87
5.87
5.87
5.87
5.87
5.87
5.87
5.87
5.87
5.92
5.91
5.96
5.95
5.94
5.93
5.93
5.92
5.91
5.91
5.90
5.90
5.90
5.89
5.89
5.89
5.89
5.88
5.88
5.88
5.88
5.88
5.88
5.88
5.87
5.87
5.87
5.87
5.87
5.87
5.87
5.87
5.92
5.91
5.91
5.90
5.90
5.90
5.89
5.89
5.89
5.89
5.88
5.88
5.88
5.88
5.88
5.88
5.87
5.87
5.87
5.87
5.92
5.91
5.91
5.91
5.90
5.90
5.89
5.89
5.89
5.89
5.88
5.88
5.88
5.88
5.93
5.92
5.91
5.91
5.91
5.90
5.90
5.89
5.89
5.89
5.94
5.93
5.97
5.96
5.95
5.94
5.93
5.93
5.92
5.92
5.91
5.91
5.95
5.94
5.93
5.93
5.92
5.92
5.91
5.91
5.90
5.90
5.90
5.89
5.89
5.89
5.88
5.88
5.88
5.88
5.88
5.93
5.92
5.91
5.91
5.90
5.90
5.90
5.89
5.89
5.89
5.89
5.88
5.88
5.88
5.88
5.88
5.88
5.88
5.87
5.92
5.92
5.91
5.96
5.95
5.94
5.93
5.92
5.92
5.91
5.91
5.90
5.90
5.90
5.89
5.94
5.93
5.93
5.92
5.91
5.96
5.95
5.94
5.93
5.93
5.92
5.91
5.91
5.91
5.90
5.90
5.89
5.89
5.94
5.93
5.97
5.96
5.95
5.94
5.98
5.97
5.96
5.95
5.94
5.94
5.98
6.02
6.00
5.99
5.97
5.96
5.95
5.99
5.98
5.97
5.96
5.95
5.94
5.93
5.93
5.97
5.96
5.95
5.94
5.93
5.93
5.92
5.96
5.95
5.95
5.94
5.93
5.92
5.92
5.91
5.91
5.90
5.90
5.90
5.89
5.89
5.89
5.89
5.88
5.93
5.92
5.97
5.96
5.95
5.94
5.93
5.93
5.97
5.96
5.95
5.94
5.93
5.93
5.92
5.91
5.96
5.95
5.94
5.93
5.93
5.92
5.96
6.00
5.99
5.98
5.97
5.96
5.95
5.94
5.93
5.92
5.92
5.91
5.91
5.90
5.90
5.90
5.89
5.89
5.89
5.89
5.88
5.88
5.93
5.97
5.96
5.95
5.94
5.93
5.98
5.97
5.96
5.95
5.99
5.98
5.96
5.95
5.99
6.03
6.01
6.00
5.99
5.97
5.96
5.95
5.94
5.94
5.93
5.92
5.97
5.96
5.95
5.99
5.98
5.96
5.95
5.95
5.94
5.93
5.92
5.92
5.91
5.91
5.90
5.90
5.90
5.89
5.89
5.89
5.93
5.93
5.97
6.01
5.99
5.98
5.97
5.96
5.95
5.94
5.93
5.93
5.92
5.92
5.91
5.95
5.99
5.98
5.97
5.96
5.95
5.99
5.98
6.02
6.00
5.99
5.97
6.01
6.00
5.98
5.97
5.96
6.00
5.99
5.98
5.96
5.95
5.95
5.94
5.93
5.92
5.92
5.91
5.91
5.95
5.94
5.94
5.93
5.97
5.96
5.95
5.99
5.98
5.97
5.96
5.95
5.94
5.93
5.93
5.97
5.96
5.95
5.94
5.93
5.93
5.92
5.91
5.91
5.91
5.90
5.90
5.89
5.89
5.89
5.89
5.88
5.88
5.88
5.88
5.88
5.93
5.92
5.91
5.91
5.90
5.90
5.90
5.89
5.94
5.98
6.02
6.05
6.03
6.02
6.00
6.04
6.02
6.00
6.04
6.02
6.01
5.99
5.98
5.97
5.96
5.95
5.94
5.98
6.02
6.05
6.03
6.02
6.00
5.99
5.98
5.96
6.00
5.99
6.03
6.01
6.00
5.98
5.97
5.96
6.00
5.99
5.97
5.96
5.95
5.94
5.94
5.93
5.92
5.92
5.91
5.96
5.95
5.99
5.98
5.96
5.95
5.95
5.94
5.98
5.97
5.96
6.00
5.98
6.02
6.01
5.99
5.98
6.02
6.00
5.99
6.02
6.01
6.04
6.03
6.06
6.04
6.02
6.01
6.04
6.07
6.05
6.03
6.06
6.04
6.03
6.01
6.00
5.98
5.97
5.96
5.95
5.94
5.98
6.02
6.01
5.99
6.03
6.01
6.00
5.98
5.97
5.96
5.95
5.99
6.03
6.01
6.00
5.98
5.97
6.01
6.00
6.03
6.01
6.00
5.99
5.97
5.96
5.95
5.94
5.99
5.97
5.96
5.95
5.99
5.98
5.97
5.96
6.00
6.03
6.02
6.05
6.03
6.02
6.00
5.99
6.02
6.06
6.09
6.06
6.04
6.03
6.01
6.04
6.08
6.05
6.08
6.06
6.09
6.07
6.10
6.07
6.05
6.03
6.02
6.00
5.99
5.98
5.97
5.96
5.95
5.94
5.93
5.92
5.92
5.91
5.96
5.95
5.99
5.98
5.97
5.96
5.95
5.99
5.97
6.01
6.00
5.98
5.97
6.01
6.00
5.98
5.97
5.96
5.95
5.94
5.93
5.93
5.97
6.01
6.04
6.03
6.06
6.04
6.02
6.01
5.99
5.98
5.97
5.96
5.95
5.94
5.93
5.93
5.92
5.91
5.96
5.95
5.99
5.98
6.01
6.05
6.03
6.01
6.00
6.03
6.02
6.00
5.99
5.98
6.01
6.00
6.03
6.02
6.05
6.03
6.02
6.00
5.99
5.97
5.96
6.00
5.99
6.03
6.06
6.04
6.02
6.01
5.99
5.98
5.97
6.01
5.99
6.03
6.01
6.00
5.98
6.02
6.01
5.99
5.98
5.97
5.96
5.95
5.99
5.98
6.01
6.00
5.99
5.97
5.96
5.95
5.94
5.99
5.97
6.01
6.00
5.98
5.97
5.96
5.95
5.94
5.94
5.93
5.97
6.01
5.99
5.98
6.02
6.00
6.04
6.07
6.05
6.03
6.01
6.00
5.99
5.97
5.96
6.00
6.04
6.02
6.00
5.99
5.98
5.97
5.96
5.95
5.99
6.02
6.01
5.99
5.98
6.02
6.00
5.99
5.98
5.97
5.96
5.95
5.94
5.98
6.02
6.00
5.99
6.03
6.06
6.09
6.07
6.09
6.12
6.09
6.12
6.09
6.12
6.10
6.07
6.10
6.13
6.10
6.08
6.10
6.08
6.06
6.04
6.02
6.06
6.04
6.07
6.05
6.08
6.11
6.08
6.11
6.08
6.06
6.09
6.07
6.05
6.03
6.06
6.04
6.03
6.06
6.09
6.07
6.09
6.07
6.05
6.08
6.11
6.13
6.15
6.13
6.10
6.13
6.10
6.08
6.10
6.08
6.06
6.04
6.02
6.05
6.08
6.06
6.09
6.12
6.14
6.11
6.14
6.16
6.13
6.15
6.12
6.10
6.07
6.05
6.03
6.07
6.05
6.03
6.06
6.04
6.07
6.05
6.03
6.07
6.09
6.07
6.05
6.03
6.02
6.00
6.04
6.07
6.10
6.12
6.10
6.07
6.05
6.08
6.06
6.09
6.07
6.05
6.03
6.06
6.09
6.07
6.10
6.12
6.10
6.07
6.05
6.08
6.11
6.09
6.11
6.14
6.11
6.13
6.16
6.13
6.15
6.17
6.14
6.11
6.14
6.16
6.18
6.20
6.21
6.18
6.15
6.12
6.14
6.16
6.18
6.20
6.21
6.23
6.24
6.25
6.26
6.22
6.24
6.20
6.21
6.23
6.24
6.25
6.26
6.27
6.28
6.24
6.25
6.26
6.27
6.23
6.24
6.25
6.21
6.23
6.19
6.16
6.13
6.10
6.08
6.11
6.13
6.15
6.17
6.14
6.12
6.09
6.07
6.05
6.03
6.06
6.09
6.12
6.09
6.12
6.09
6.07
6.05
6.03
6.06
6.09
6.07
6.10
6.07
6.10
6.08
6.11
6.13
6.15
6.12
6.10
6.08
6.05
6.08
6.11
6.14
6.16
6.18
6.19
6.21
6.18
6.19
6.16
6.18
6.20
6.21
6.18
6.15
6.17
6.14
6.11
6.09
6.06
6.09
6.07
6.10
6.12
6.10
6.07
6.10
6.13
6.10
6.08
6.11
6.13
6.15
6.12
6.10
6.12
6.15
6.17
6.19
6.20
6.22
6.23
6.24
6.21
6.22
6.19
6.20
6.22
6.18
6.20
6.17
6.18
6.15
6.17
6.19
6.21
6.17
6.19
6.16
6.13
6.15
6.17
6.19
6.21
6.17
6.19
6.21
6.17
6.19
6.16
6.13
6.15
6.12
6.15
6.12
6.09
6.12
6.14
6.11
6.14
6.11
6.09
6.06
6.09
6.12
6.09
6.12
6.09
6.12
6.09
6.12
6.10
6.12
6.14
6.17
6.14
6.11
6.13
6.11
6.13
6.15
6.17
6.19
6.16
6.18
6.15
6.17
6.14
6.16
6.18
6.20
6.16
6.18
6.20
6.17
6.14
6.16
6.13
6.15
6.12
6.10
6.07
6.10
6.08
6.06
6.09
6.11
6.14
6.16
6.13
6.15
6.17
6.19
6.16
6.18
6.15
6.17
6.19
6.20
6.17
6.19
6.15
6.17
6.14
6.12
6.14
6.16
6.18
6.15
6.17
6.14
6.16
6.13
6.15
6.12
6.10
6.12
6.10
6.12
6.10
6.12
6.15
6.12
6.09
6.07
6.10
6.12
6.15
6.17
6.19
6.20
6.22
6.23
6.24
6.25
6.22
6.18
6.15
6.12
6.14
6.12
6.14
6.16
6.13
6.15
6.17
6.14
6.16
6.18
6.20
6.22
6.23
6.24
6.25
6.21
6.23
6.24
6.25
6.26
6.27
6.28
6.29
6.29
6.30
6.26
6.22
6.23
6.19
6.16
6.18
6.20
6.21
6.23
6.24
6.25
6.26
6.27
6.28
6.29
6.24
6.21
6.22
6.23
6.20
6.16
6.18
6.20
6.22
6.23
6.24
6.25
6.21
6.23
6.24
6.25
6.26
6.22
6.24
6.25
6.26
6.27
6.23
6.24
6.25
6.26
6.27
6.23
6.19
6.21
6.22
6.19
6.20
6.22
6.18
6.20
6.17
6.19
6.20
6.17
6.19
6.20
6.17
6.14
6.16
6.18
6.20
6.16
6.18
6.20
6.17
6.19
6.20
6.17
6.14
6.11
6.14
6.16
6.18
6.19
6.21
6.18
6.19
6.21
6.22
6.24
6.25
6.21
6.18
6.19
6.16
6.18
6.20
6.16
6.18
6.20
6.17
6.19
6.20
6.22
6.23
6.19
6.21
6.18
6.14
6.17
6.18
6.20
6.22
6.23
6.24
6.21
6.22
6.23
6.25
6.26
6.22
6.18
6.20
6.21
6.23
6.24
6.25
6.21
6.23
6.24
6.25
6.26
6.27
6.28
6.29
6.29
6.30
6.26
6.27
6.27
6.28
6.24
6.25
6.26
6.27
6.23
6.24
6.21
6.22
6.18
6.20
6.22
6.23
6.24
6.21
6.22
6.23
6.25
6.26
6.27
6.27
6.28
6.24
6.20
6.22
6.18
6.20
6.22
6.23
6.19
6.21
6.17
6.19
6.21
6.22
6.24
6.25
6.26
6.27
6.23
6.24
6.20
6.22
6.23
6.24
6.25
6.26
6.27
6.28
6.29
6.30
6.30
6.31
6.31
6.27
6.28
6.28
6.24
6.20
6.22
6.23
6.24
6.26
6.27
6.27
6.28
6.29
6.30
6.30
6.26
6.27
6.28
6.28
6.29
6.30
6.30
6.26
6.27
6.28
6.28
6.29
6.30
6.25
6.26
6.27
6.28
6.29
6.25
6.26
6.27
6.28
6.28
6.29
6.25
6.26
6.27
6.28
6.28
6.29
6.30
6.25
6.26
6.27
6.28
6.29
6.30
6.30
6.31
6.31
6.32
6.27
6.23
6.24
6.25
6.26
6.27
6.28
6.29
6.25
6.21
6.22
6.24
6.25
6.26
6.27
6.23
6.24
6.25
6.26
6.27
6.28
6.29
6.29
6.30
6.30
6.31
6.31
6.27
6.23
6.24
6.20
6.22
6.23
6.24
6.26
6.31
6.32
6.32
6.32
6.33
6.33
6.33
6.33
6.39
6.38
6.38
6.33
6.33
6.33
6.34
6.34
6.34
6.34
6.34
6.34
6.34
6.34
6.30
6.30
6.31
6.26
6.22
6.24
6.25
6.26
6.22
6.23
6.20
6.21
6.23
6.24
6.25
6.26
6.22
6.23
6.25
6.26
6.27
6.28
6.28
6.29
6.30
6.25
6.26
6.27
6.28
6.24
6.25
6.26
6.27
6.28
6.29
6.29
6.30
6.30
6.31
6.31
6.32
6.32
6.32
6.33
6.33
6.28
6.29
6.30
6.30
6.31
6.31
6.32
6.32
6.32
6.33
6.33
6.33
6.33
6.34
6.34
6.29
6.30
6.30
6.31
6.31
6.32
6.32
6.27
6.28
6.29
6.30
6.30
6.31
6.31
6.27
6.23
6.24
6.20
6.22
6.23
6.24
6.25
6.22
6.23
6.24
6.20
6.22
6.23
6.24
6.26
6.27
6.27
6.28
6.29
6.30
6.30
6.26
6.27
6.28
6.28
6.29
6.30
6.30
6.26
6.27
6.28
6.28
6.29
6.30
6.30
6.31
6.31
6.32
6.32
6.32
6.28
6.29
6.24
6.25
6.26
6.27
6.28
6.29
6.30
6.30
6.31
6.31
6.32
6.32
6.32
6.28
6.28
6.29
6.30
6.30
6.31
6.31
6.32
6.32
6.32
6.33
6.33
6.33
6.29
6.29
6.30
6.30
6.31
6.31
6.32
6.32
6.32
6.33
6.33
6.33
6.33
6.34
6.34
6.34
6.34
6.34
6.34
6.34
6.35
6.35
6.35
6.35
6.35
6.35
6.30
6.31
6.31
6.32
6.32
6.32
6.33
6.33
6.33
6.33
6.34
6.34
6.34
6.34
6.34
6.34
6.34
6.34
6.35
6.35
6.35
6.35
6.35
6.35
6.30
6.31
6.31
6.32
6.32
6.32
6.33
6.33
6.33
6.33
6.34
6.34
6.34
6.34
6.34
6.34
6.34
6.34
6.35
6.35
6.35
6.35
6.35
6.35
6.35
6.35
6.35
6.35
6.35
6.35
6.35
6.35
6.35
6.35
6.35
6.35
6.35
6.35
6.30
6.31
6.31
6.32
6.32
6.32
6.33
6.33
6.33
6.33
6.34
6.34
6.34
6.34
6.34
6.34
6.34
6.35
6.30
6.30
6.31
6.31
6.32
6.32
6.32
6.33
6.33
6.33
6.33
6.34
6.34
6.34
6.34
6.34
6.34
6.34
6.35
6.35
6.35
6.35
6.35
6.35
6.35
6.35
6.35
6.35
6.30
6.31
6.31
6.32
6.32
6.32
6.33
6.33
6.33
6.33
6.34
6.39
6.33
6.39
6.33
6.29
6.24
6.26
6.27
6.27
6.28
6.29
6.30
6.30
6.31
6.31
6.32
6.32
6.32
6.33
6.33
6.33
6.33
6.34
6.34
6.34
6.34
6.34
6.34
6.34
6.35
6.30
6.30
6.31
6.31
6.32
6.32
6.32
6.33
6.33
6.33
6.33
6.34
6.34
6.34
6.34
6.34
6.34
6.30
6.30
6.31
6.31
6.32
6.32
6.32
6.33
6.33
6.33
6.33
6.34
6.34
6.34
6.34
6.34
6.34
6.34
6.35
6.35
6.35
6.35
6.35
6.35
6.35
6.35
6.35
6.30
6.31
6.31
6.32
6.32
6.32
6.33
6.33
6.33
6.33
6.34
6.34
6.34
6.34
6.34
6.34
6.34
6.30
6.30
6.31
6.31
6.32
6.32
6.32
6.33
6.33
6.33
6.33
6.34
6.34
6.34
6.34
6.34
6.34
6.30
6.25
6.26
6.27
6.33
6.33
6.33
6.34
6.34
6.34
6.34
6.34
6.34
6.34
6.35
6.35
6.35
6.35
6.35
6.35
6.35
6.35
6.35
6.35
6.35
6.35
6.35
6.35
6.35
6.35
6.35
6.35
6.35
6.35
6.35
6.35
6.35
6.35
6.35
6.35
6.35
6.35
6.35
6.35
6.35
6.35
6.35
6.35
6.35
6.35
6.35
6.35
6.35
6.35
6.35
6.35
6.35
6.35
6.35
6.35
6.35
6.35
6.35
6.35
6.35
6.35
6.35
6.35
6.35
6.35
6.35
6.35
6.35
6.35
6.35
6.35
6.35
6.35
6.35
6.35
6.35
6.35
6.35
6.35
6.35
6.35
6.35
6.35
6.35
6.35
6.35
6.35
6.35
6.30
6.31
6.31
6.32
6.32
6.32
6.33
6.33
6.33
6.29
6.29
6.30
6.30
6.31
6.31
6.32
6.32
6.32
6.28
6.29
6.29
6.30
6.30
6.31
6.31
6.32
6.32
6.32
6.33
6.33
6.33
6.33
6.34
6.34
6.34
6.34
6.34
6.34
6.34
6.35
6.35
6.35
6.35
6.35
6.35
6.35
6.35
6.35
6.35
6.35
6.35
6.35
6.35
6.35
6.35
6.35
6.35
6.35
6.35
6.35
6.35
6.35
6.35
6.40
6.40
6.39
6.39
6.39
6.38
6.38
6.38
6.37
6.37
6.37
6.37
6.37
6.37
6.36
6.36
6.36
6.36
6.36
6.36
6.36
6.36
6.36
6.36
6.36
6.36
6.36
6.36
6.36
6.36
6.36
6.36
6.36
6.36
6.36
6.36
6.35
6.35
6.35
6.35
6.35
6.35
6.35
6.35
6.35
6.31
6.31
6.31
6.32
6.32
6.33
6.33
6.33
6.33
6.34
6.34
6.34
6.34
6.34
6.34
6.34
6.34
6.35
6.35
6.35
6.35
6.35
6.35
6.35
6.35
6.35
6.35
6.35
6.35
6.35
6.35
6.35
6.35
6.35
6.35
6.35
6.35
6.35
6.35
6.35
6.35
6.35
6.35
6.35
6.35
6.35
6.35
6.35
6.35
6.35
6.35
6.35
6.35
6.35
6.35
6.35
6.35
6.35
6.35
6.35
6.35
6.35
6.35
6.35
6.35
6.35
6.35
6.30
6.31
6.31
6.32
6.32
6.32
6.33
6.33
6.33
6.33
6.34
6.34
6.34
6.34
6.34
6.34
6.34
6.35
6.35
6.35
6.35
6.35
6.35
6.35
6.35
6.35
6.35
6.35
6.35
6.35
6.35
6.40
6.40
6.39
6.44
6.43
6.37
6.37
6.32
6.27
6.28
6.29
6.30
6.30
6.31
6.31
6.32
6.32
6.32
6.33
6.33
6.33
6.33
6.34
6.29
6.30
6.25
6.21
6.23
6.24
6.25
6.26
6.27
6.28
6.29
6.34
6.34
6.34
6.35
6.35
6.35
6.35
6.35
6.35
6.35
6.35
6.35
6.35
6.35
6.35
6.35
6.35
6.35
6.35
6.35
6.35
6.35
6.35
6.35
6.35
6.35
6.35
6.35
6.35
6.35
6.35
6.35
6.35
6.35
6.35
6.35
6.35
6.35
6.35
6.35
6.35
6.35
6.35
6.35
6.35
6.35
6.35
6.35
6.35
6.35
6.35
6.35
6.35
6.35
6.35
6.35
6.35
6.35
6.35
6.35
6.35
6.35
6.35
6.35
6.35
6.35
6.30
6.31
6.31
6.32
6.32
6.32
6.33
6.33
6.33
6.33
6.34
6.34
6.34
6.34
6.34
6.39
6.39
6.39
6.38
6.38
6.38
6.37
6.37
6.37
6.37
6.37
6.37
6.41
6.41
6.40
6.40
6.39
6.39
6.39
6.38
6.38
6.38
6.37
6.37
6.37
6.37
6.37
6.37
6.36
6.36
6.36
6.36
6.36
6.36
6.36
6.36
6.36
6.36
6.36
6.36
6.36
6.36
6.36
6.36
6.36
6.36
6.36
6.36
6.36
6.36
6.40
6.40
6.39
6.39
6.39
6.38
6.38
6.38
6.38
6.37
6.37
6.37
6.37
6.37
6.37
6.36
6.36
6.36
6.36
6.36
6.36
6.36
6.36
6.36
6.36
6.36
6.36
6.36
6.36
6.36
6.36
6.36
6.36
6.36
6.36
6.36
6.35
6.35
6.40
6.40
6.39
6.39
6.39
6.38
6.38
6.38
6.38
6.37
6.37
6.37
6.32
6.32
6.33
6.33
6.33
6.33
6.34
6.34
6.34
6.34
6.34
6.34
6.34
6.35
6.35
6.35
6.35
6.35
6.35
6.35
6.35
6.35
6.35
6.35
6.35
6.35
6.35
6.35
6.35
6.35
6.35
6.35
6.35
6.35
6.35
6.35
6.35
6.35
6.35
6.35
6.35
6.35
6.35
6.35
6.35
6.35
6.35
6.35
6.35
6.35
6.35
6.35
6.35
6.35
6.35
6.35
6.35
6.35
6.35
6.35
6.35
6.35
6.35
6.35
6.35
6.35
6.40
6.45
6.44
6.43
6.42
6.41
6.41
6.40
6.40
6.39
6.39
6.39
6.38
6.38
6.38
6.38
6.37
6.37
6.37
6.37
6.37
6.37
6.36
6.36
6.36
6.36
6.36
6.36
6.36
6.36
6.36
6.36
6.36
6.36
6.36
6.36
6.36
6.36
6.36
6.36
6.36
6.36
6.36
6.35
6.35
6.35
6.35
6.35
6.35
6.40
6.40
6.39
6.39
6.39
6.38
6.38
6.38
6.38
6.37
6.42
6.41
6.41
6.40
6.40
6.39
6.39
6.39
6.38
6.38
6.38
6.37
6.37
6.37
6.37
6.37
6.37
6.36
6.36
6.36
6.36
6.36
6.36
6.36
6.36
6.36
6.36
6.36
6.36
6.36
6.36
6.36
6.36
6.36
6.36
6.36
6.36
6.36
6.36
6.35
6.35
6.35
6.35
6.35
6.35
6.35
6.35
6.35
6.35
6.35
6.35
6.35
6.35
6.35
6.35
6.35
6.35
6.35
6.35
6.35
6.35
6.35
6.35
6.35
6.40
6.40
6.39
6.39
6.39
6.38
6.38
6.38
6.37
6.37
6.37
6.37
6.37
6.37
6.37
6.36
6.36
6.36
6.36
6.36
6.36
6.31
6.31
6.32
6.27
6.28
6.29
6.25
6.26
6.32
6.32
6.32
6.33
6.33
6.33
6.33
6.34
6.39
6.38
6.38
6.38
6.38
6.37
6.37
6.37
6.37
6.37
6.37
6.36
6.36
6.36
6.36
6.36
6.36
6.36
6.36
6.36
6.36
6.36
6.36
6.36
6.36
6.36
6.36
6.36
6.36
6.36
6.36
6.36
6.35
6.40
6.40
6.39
6.39
6.39
6.38
6.38
6.38
6.38
6.37
6.42
6.41
6.46
6.45
6.44
6.43
6.42
6.41
6.41
6.40
6.40
6.44
6.43
6.43
6.42
6.41
6.41
6.40
6.40
6.39
6.39
6.38
6.38
6.38
6.38
6.37
6.37
6.37
6.37
6.37
6.37
6.36
6.36
6.36
6.36
6.36
6.36
6.36
6.36
6.36
6.36
6.36
6.36
6.36
6.41
6.40
6.40
6.39
6.39
6.38
6.38
6.38
6.38
6.37
6.37
6.37
6.37
6.42
6.36
6.36
6.36
6.36
6.36
6.36
6.36
6.36
6.36
6.36
6.31
6.31
6.32
6.37
6.37
6.37
6.41
6.46
6.45
6.44
6.43
6.42
6.41
6.41
6.40
6.40
6.39
6.39
6.39
6.38
6.38
6.38
6.38
6.37
6.37
6.37
6.37
6.37
6.37
6.36
6.36
6.36
6.36
6.36
6.36
6.36
6.36
6.36
6.36
6.36
6.36
6.36
6.36
6.36
6.36
6.36
6.36
6.36
6.36
6.36
6.35
6.35
6.35
6.35
6.35
6.35
6.35
6.35
6.35
6.35
6.35
6.35
6.35
6.35
6.35
6.35
6.35
6.35
6.35
6.35
6.35
6.40
6.40
6.39
6.39
6.39
6.38
6.38
6.38
6.37
6.37
6.37
6.37
6.37
6.37
6.37
6.36
6.36
6.31
6.32
6.32
6.32
6.33
6.33
6.28
6.29
6.30
6.30
6.31
6.31
6.32
6.32
6.32
6.33
6.33
6.33
6.33
6.34
6.34
6.34
6.34
6.34
6.39
6.39
6.38
6.38
6.38
6.43
6.42
6.41
6.41
6.40
6.40
6.39
6.39
6.38
6.38
6.38
6.38
6.37
6.37
6.37
6.37
6.37
6.37
6.36
6.36
6.36
6.36
6.36
6.36
6.36
6.36
6.36
6.36
6.36
6.36
6.36
6.36
6.36
6.36
6.36
6.36
6.36
6.36
6.36
6.36
6.35
6.35
6.35
6.40
6.40
6.39
6.39
6.39
6.43
6.42
6.42
6.41
6.41
6.40
6.40
6.39
6.39
6.38
6.38
6.38
6.38
6.37
6.37
6.37
6.37
6.37
6.37
6.36
6.36
6.36
6.36
6.36
6.36
6.36
6.36
6.36
6.36
6.36
6.36
6.36
6.36
6.36
6.36
6.36
6.36
6.36
6.36
6.36
6.36
6.35
6.35
6.35
6.35
6.35
6.35
6.35
6.35
6.35
6.35
6.35
6.40
6.40
6.39
6.39
6.39
6.38
6.38
6.38
6.38
6.37
6.37
6.37
6.37
6.37
6.37
6.36
6.36
6.36
6.36
6.36
6.36
6.36
6.36
6.36
6.36
6.36
6.36
6.36
6.36
6.36
6.36
6.36
6.36
6.36
6.36
6.36
6.35
6.35
6.35
6.35
6.35
6.35
6.35
6.35
6.35
6.35
6.35
6.35
6.35
6.35
6.35
6.35
6.35
6.35
6.35
6.35
6.35
6.35
6.35
6.35
6.35
6.35
6.35
6.35
6.35
6.35
6.35
6.35
6.35
6.35
6.35
6.35
6.35
6.35
6.35
6.35
6.35
6.35
6.35
6.35
6.35
6.35
6.35
6.35
6.35
6.35
6.35
6.35
6.35
6.35
6.35
6.35
6.35
6.35
6.35
6.35
6.35
6.35
6.35
6.35
6.35
6.35
6.35
6.40
6.40
6.39
6.34
6.34
6.29
6.30
6.31
6.31
6.27
6.47
6.46
6.45
6.49
6.47
6.46
6.45
6.44
6.43
6.38
6.37
6.37
6.37
6.37
6.37
6.37
6.36
6.31
6.32
6.27
6.28
6.29
6.30
6.30
6.31
6.31
6.32
6.32
6.32
6.33
6.33
6.33
6.33
6.34
6.34
6.34
6.34
6.34
6.34
6.34
6.39
6.44
6.43
6.42
6.42
6.41
6.36
6.35
6.35
6.35
6.35
6.35
6.35
6.35
6.35
6.35
6.35
6.35
6.40
6.40
6.44
6.43
6.47
6.51
6.50
6.48
6.47
6.51
6.49
6.53
6.51
6.44
6.44
6.43
6.42
6.36
6.36
6.36
6.36
6.36
6.36
6.36
6.31
6.36
6.36
6.36
6.36
6.41
6.40
6.40
6.35
6.39
6.39
6.34
6.34
6.34
6.24
6.21
6.22
6.23
6.25
6.31
6.31
6.32
6.32
6.32
6.33
6.33
6.33
6.38
6.33
6.33
6.53
6.56
6.54
6.47
6.46
6.45
6.44
6.38
6.38
6.38
6.33
6.33
6.33
6.33
6.34
6.39
6.33
6.34
6.39
6.38
6.38
6.38
6.38
6.37
6.37
6.37
6.37
6.37
6.37
6.32
6.32
6.32
6.37
6.37
6.37
6.37
6.32
6.32
6.33
6.33
6.33
6.33
6.38
6.38
6.38
6.38
6.37
6.37
6.37
6.37
6.37
6.37
6.36
6.36
6.36
6.31
6.27
6.28
6.28
6.29
6.35
6.35
6.35
6.30
6.30
6.36
6.41
6.40
6.40
6.39
6.39
6.43
6.38
6.33
6.33
6.33
6.28
6.29
6.35
6.30
6.30
6.31
6.31
6.37
6.37
6.36
6.36
6.36
6.36
6.36
6.36
6.36
6.36
6.31
6.31
6.32
6.32
6.32
6.33
6.33
6.33
6.33
6.34
6.34
6.34
6.34
6.34
6.34
6.34
6.35
6.35
6.35
6.35
6.35
6.35
6.35
6.35
6.35
6.35
6.35
6.35
6.30
6.31
6.31
6.27
6.28
6.28
6.29
6.30
6.30
6.31
6.31
6.32
6.32
6.32
6.33
6.33
6.33
6.33
6.34
6.34
6.34
6.34
6.34
6.34
6.34
6.35
6.35
6.35
6.35
6.35
6.35
6.35
6.35
6.35
6.30
6.31
6.31
6.32
6.32
6.32
6.33
6.33
6.33
6.33
6.34
6.34
6.34
6.34
6.34
6.34
6.34
6.35
6.35
6.35
6.35
6.35
6.35
6.35
6.35
6.35
6.35
6.35
6.35
6.35
6.35
6.35
6.35
6.35
6.35
6.35
6.35
6.35
6.35
6.35
6.35
6.35
6.35
6.35
6.35
6.35
6.35
6.35
6.35
6.35
6.35
6.35
6.35
6.40
6.35
6.35
6.35
6.35
6.35
6.35
6.35
6.35
6.35
6.35
6.35
6.35
6.35
6.35
6.35
6.35
6.30
6.31
6.31
6.32
6.27
6.28
6.29
6.29
6.30
6.31
6.26
6.27
6.28
6.29
6.24
6.26
6.27
6.27
6.28
6.29
6.30
6.30
6.31
6.31
6.32
6.32
6.32
6.33
6.33
6.33
6.33
6.34
6.34
6.34
6.34
6.34
6.34
6.34
6.35
6.35
6.35
6.35
6.35
6.35
6.35
6.35
6.30
6.31
6.31
6.32
6.32
6.32
6.33
6.33
6.33
6.33
6.34
6.34
6.34
6.34
6.34
6.34
6.34
6.35
6.35
6.35
6.35
6.35
6.35
6.35
6.35
6.35
6.35
6.35
6.35
6.35
6.35
6.35
6.35
6.35
6.35
6.35
6.35
6.35
6.35
6.35
6.35
6.35
6.35
6.35
6.30
6.31
6.31
6.32
6.32
6.32
6.33
6.33
6.33
6.33
6.34
6.34
6.34
6.39
6.39
6.38
6.38
6.38
6.38
6.37
6.37
6.37
6.37
6.32
6.32
6.32
6.33
6.33
6.33
6.33
6.34
6.34
6.34
6.34
6.29
6.25
6.26
6.27
6.28
6.34
6.34
6.34
6.34
6.34
6.34
6.34
6.34
6.35
6.35
6.35
6.35
6.35
6.35
6.35
6.35
6.35
6.35
6.35
6.35
6.35
6.35
6.30
6.31
6.31
6.32
6.32
6.32
6.33
6.28
6.29
6.29
6.30
6.31
6.31
6.31
6.32
6.27
6.28
6.29
6.30
6.25
6.26
6.27
6.28
6.29
6.29
6.30
6.31
6.31
6.31
6.32
6.32
6.33
6.33
6.33
6.33
6.34
6.34
6.34
6.34
6.34
6.34
6.34
6.34
6.35
6.35
6.35
6.35
6.35
6.35
6.35
6.35
6.35
6.35
6.30
6.31
6.26
6.27
6.28
6.29
6.29
6.30
6.31
6.31
6.31
6.32
6.32
6.33
6.33
6.33
6.33
6.34
6.34
6.34
6.34
6.34
6.34
6.34
6.34
6.35
6.35
6.35
6.30
6.30
6.31
6.31
6.27
6.28
6.24
6.25
6.26
6.27
6.28
6.28
6.29
6.30
6.30
6.31
6.31
6.32
6.32
6.32
6.28
6.29
6.29
6.30
6.30
6.31
6.31
6.32
6.27
6.28
6.29
6.29
6.30
6.31
6.31
6.31
6.32
6.32
6.33
6.33
6.33
6.33
6.34
6.34
6.34
6.34
6.34
6.34
6.34
6.34
6.35
6.35
6.35
6.35
6.35
6.35
6.35
6.35
6.35
6.35
6.35
6.35
6.35
6.35
6.35
6.35
6.35
6.35
6.35
6.35
6.35
6.30
6.31
6.31
6.32
6.32
6.32
6.33
6.33
6.33
6.29
6.29
6.30
6.30
6.31
6.31
6.32
6.32
6.32
6.33
6.33
6.33
6.29
6.29
6.25
6.26
6.27
6.28
6.24
6.25
6.26
6.22
6.23
6.25
6.26
6.27
6.23
6.24
6.25
6.26
6.27
6.28
6.29
6.29
6.30
6.30
6.31
6.31
6.32
6.32
6.32
6.33
6.33
6.33
6.33
6.34
6.39
6.38
6.38
6.38
6.38
6.37
6.37
6.37
6.37
6.37
6.37
6.36
6.36
6.36
6.36
6.36
6.36
6.36
6.36
6.36
6.36
6.36
6.36
6.36
6.36
6.36
6.36
6.36
6.36
6.36
6.36
6.36
6.36
6.35
6.35
6.35
6.35
6.35
6.35
6.35
6.35
6.35
6.35
6.35
6.35
6.35
6.35
6.35
6.35
6.35
6.35
6.35
6.35
6.35
6.35
6.35
6.35
6.35
6.35
6.35
6.31
6.31
6.31
6.32
6.32
6.33
6.33
6.33
6.33
6.33
6.34
6.34
6.34
6.34
6.34
6.34
6.34
6.30
6.30
6.31
6.31
6.32
6.32
6.32
6.28
6.29
6.29
6.30
6.30
6.31
6.31
6.32
6.32
6.32
6.28
6.29
6.29
6.30
6.30
6.31
6.31
6.32
6.32
6.37
6.37
6.37
6.37
6.32
6.32
6.32
6.33
6.33
6.33
6.33
6.34
6.34
6.34
6.34
6.34
6.34
6.34
6.35
6.35
6.35
6.35
6.35
6.35
6.35
6.35
6.35
6.35
6.35
6.35
6.35
6.35
6.35
6.35
6.35
6.35
6.35
6.35
6.35
6.35
6.35
6.35
6.35
6.35
6.35
6.35
6.35
6.35
6.35
6.35
6.35
6.35
6.35
6.30
6.31
6.31
6.32
6.32
6.32
6.33
6.33
6.33
6.33
6.34
6.34
6.34
6.29
6.30
6.30
6.31
6.31
6.32
6.32
6.32
6.33
6.28
6.29
6.30
6.25
6.26
6.27
6.28
6.29
6.29
6.30
6.31
6.31
6.31
6.32
6.32
6.33
6.33
6.33
6.33
6.33
6.34
6.34
6.34
6.34
6.29
6.30
6.31
6.31
6.31
6.32
6.32
6.33
6.33
6.33
6.33
6.34
6.34
6.34
6.39
6.34
6.34
6.34
6.39
6.39
6.38
6.38
6.38
6.33
6.33
6.33
6.33
6.34
6.34
6.34
6.34
6.34
6.34
6.34
6.35
6.35
6.35
6.35
6.35
6.35
6.35
6.35
6.35
6.35
6.35
6.35
6.35
6.35
6.35
6.35
6.35
6.35
6.35
6.30
6.31
6.31
6.32
6.32
6.32
6.33
6.33
6.33
6.33
6.34
6.34
6.34
6.34
6.34
6.29
6.30
6.31
6.31
6.32
6.32
6.32
6.33
6.33
6.33
6.33
6.34
6.29
6.29
6.30
6.31
6.31
6.32
6.32
6.32
6.33
6.33
6.33
6.33
6.34
6.34
6.34
6.34
6.34
6.34
6.34
6.34
6.35
6.35
6.35
6.35
6.35
6.35
6.35
6.35
6.35
6.35
6.30
6.31
6.31
6.32
6.32
6.32
6.33
6.33
6.33
6.33
6.29
6.29
6.30
6.31
6.31
6.31
6.32
6.32
6.33
6.33
6.33
6.33
6.33
6.34
6.29
6.25
6.26
6.27
6.23
6.24
6.25
6.26
6.27
6.28
6.29
6.29
6.25
6.26
6.27
6.28
6.29
6.29
6.30
6.30
6.31
6.31
6.32
6.32
6.32
6.33
6.33
6.33
6.33
6.34
6.34
6.34
6.34
6.34
6.34
6.34
6.35
6.35
6.35
6.35
6.35
6.35
6.35
6.35
6.35
6.35
6.35
6.30
6.31
6.31
6.32
6.32
6.32
6.33
6.33
6.28
6.29
6.30
6.30
6.31
6.31
6.32
6.32
6.32
6.33
6.33
6.33
6.33
6.34
6.34
6.29
6.30
6.30
6.31
6.31
6.32
6.32
6.32
6.33
6.33
6.33
6.33
6.34
6.34
6.34
6.34
6.34
6.34
6.30
6.30
6.31
6.31
6.32
6.32
6.32
6.33
6.33
6.33
6.33
6.34
6.34
6.34
6.34
6.34
6.34
6.34
6.35
6.35
6.35
6.35
6.30
6.26
6.27
6.27
6.28
6.29
6.34
6.35
6.35
6.35
6.35
6.35
6.35
6.35
6.35
6.35
6.40
6.35
6.35
6.30
6.30
6.31
6.31
6.32
6.32
6.32
6.33
6.33
6.28
6.29
6.30
6.30
6.31
6.31
6.32
6.32
6.32
6.33
6.33
6.28
6.29
6.30
6.30
6.31
6.31
6.32
6.32
6.32
6.33
6.33
6.33
6.33
6.34
6.34
6.34
6.34
6.34
6.34
6.34
6.35
6.35
6.35
6.35
6.35
6.35
6.35
6.35
6.35
6.35
6.35
6.35
6.35
6.30
6.31
6.31
6.32
6.32
6.32
6.33
6.33
6.33
6.33
6.34
6.34
6.34
6.34
6.34
6.34
6.34
6.30
6.30
6.31
6.31
6.27
6.28
6.28
6.29
6.30
6.30
6.31
6.31
6.32
6.32
6.32
6.33
6.33
6.33
6.33
6.34
6.34
6.34
6.34
6.34
6.34
6.34
6.35
6.35
6.30
6.30
6.31
6.31
6.32
6.32
6.32
6.33
6.33
6.33
6.38
6.38
6.38
6.38
6.37
6.32
6.33
6.33
6.33
6.33
6.34
6.39
6.33
6.29
6.29
6.30
6.31
6.31
6.31
6.32
6.32
6.33
6.33
6.33
6.33
6.33
6.34
6.34
6.34
6.34
6.34
6.34
6.34
6.35
6.35
6.35
6.35
6.35
6.35
6.35
6.35
6.35
6.35
6.35
6.35
6.35
6.35
6.35
6.35
6.35
6.35
6.35
6.35
6.35
6.35
6.35
6.35
6.35
6.35
6.35
6.35
6.35
6.35
6.35
6.35
6.35
6.35
6.35
6.35
6.35
6.35
6.35
6.35
6.30
6.31
6.31
6.32
6.32
6.28
6.28
6.29
6.30
6.30
6.31
6.31
6.32
6.32
6.27
6.28
6.29
6.30
6.30
6.31
6.31
6.32
6.32
6.32
6.33
6.33
6.33
6.33
6.34
6.29
6.30
6.30
6.31
6.31
6.32
6.32
6.32
6.33
6.28
6.29
6.29
6.30
6.31
6.26
6.27
6.28
6.29
6.29
6.30
6.30
6.26
6.27
6.28
6.24
6.25
6.21
6.22
6.24
6.25
6.26
6.27
6.28
6.29
6.29
6.30
6.30
6.31
6.31
6.27
6.28
6.28
6.29
6.30
6.30
6.31
6.31
6.32
6.32
6.28
6.28
6.29
6.30
6.30
6.31
6.31
6.32
6.32
6.32
6.33
6.33
6.33
6.33
6.34
6.34
6.34
6.34
6.34
6.34
6.34
6.35
6.35
6.35
6.35
6.35
6.35
6.35
6.35
6.35
6.30
6.31
6.31
6.32
6.27
6.28
6.24
6.25
6.21
6.23
6.24
6.25
6.26
6.27
6.28
6.29
6.29
6.30
6.30
6.31
6.31
6.32
6.32
6.32
6.33
6.33
6.33
6.33
6.34
6.34
6.29
6.30
6.25
6.26
6.27
6.28
6.29
6.25
6.26
6.27
6.28
6.28
6.29
6.30
6.30
6.31
6.31
6.32
6.32
6.32
6.33
6.33
6.33
6.28
6.29
6.30
6.30
6.31
6.31
6.32
6.32
6.32
6.33
6.33
6.33
6.33
6.34
6.34
6.34
6.34
6.34
6.34
6.34
6.35
6.35
6.30
6.30
6.26
6.27
6.28
6.29
6.29
6.30
6.30
6.31
6.31
6.32
6.32
6.32
6.33
6.33
6.33
6.33
6.29
6.29
6.35
6.35
6.35
6.35
6.35
6.35
6.35
6.35
6.35
6.35
6.35
6.35
6.35
6.35
6.35
6.35
6.35
6.30
6.31
6.31
6.27
6.28
6.28
6.29
6.30
6.30
6.31
6.31
6.32
6.32
6.32
6.33
6.33
6.33
6.33
6.29
6.29
6.30
6.31
6.31
6.31
6.32
6.32
6.28
6.28
6.29
6.30
6.30
6.31
6.31
6.32
6.32
6.32
6.33
6.33
6.33
6.33
6.34
6.34
6.34
6.34
6.34
6.34
6.34
6.30
6.30
6.31
6.26
6.27
6.28
6.29
6.29
6.30
6.31
6.31
6.31
6.32
6.27
6.28
6.29
6.30
6.30
6.31
6.31
6.32
6.32
6.32
6.33
6.28
6.29
6.29
6.30
6.31
6.31
6.31
6.32
6.32
6.33
6.33
6.38
6.38
6.37
6.32
6.33
6.28
6.29
6.29
6.25
6.26
6.27
6.28
6.29
6.29
6.30
6.30
6.31
6.31
6.32
6.32
6.32
6.33
6.33
6.33
6.33
6.34
6.34
6.34
6.34
6.34
6.34
6.34
6.35
6.35
6.35
6.35
6.35
6.35
6.35
6.35
6.35
6.35
6.35
6.35
6.35
6.35
6.35
6.35
6.35
6.35
6.35
6.35
6.35
6.35
6.35
6.35
6.35
6.35
6.35
6.35
6.35
6.35
6.35
6.35
6.35
6.35
6.35
6.35
6.35
6.35
6.35
6.35
6.35
6.35
6.35
6.35
6.35
6.35
6.35
6.35
6.30
6.31
6.31
6.27
6.28
6.29
6.29
6.25
6.26
6.27
6.28
6.29
6.29
6.30
6.30
6.31
6.31
6.32
6.32
6.32
6.33
6.33
6.33
6.29
6.29
6.30
6.30
6.31
6.31
6.32
6.32
6.32
6.33
6.33
6.33
6.33
6.34
6.34
6.34
6.34
6.29
6.30
6.31
6.31
6.31
6.32
6.32
6.33
6.33
6.33
6.33
6.33
6.34
6.34
6.34
6.34
6.34
6.34
6.34
6.35
6.35
6.35
6.35
6.35
6.35
6.35
6.35
6.35
6.35
6.35
6.35
6.35
6.35
6.35
6.35
6.35
6.35
6.35
6.35
6.35
6.35
6.35
6.35
6.35
6.35
6.35
6.35
6.35
6.35
6.35
6.35
6.35
6.35
6.35
6.35
6.35
6.35
6.35
6.35
6.35
6.35
6.35
6.35
6.35
6.35
6.35
6.35
6.35
6.35
6.35
6.35
6.35
6.35
6.35
6.35
6.35
6.30
6.31
6.31
6.27
6.28
6.24
6.25
6.26
6.27
6.28
6.28
6.29
6.30
6.30
6.31
6.31
6.32
6.32
6.32
6.33
6.33
6.33
6.33
6.34
6.29
6.30
6.30
6.31
6.31
6.32
6.32
6.32
6.33
6.33
6.33
6.33
6.34
6.29
6.30
6.30
6.36
6.35
6.35
6.35
6.35
6.35
6.35
6.35
6.35
6.35
6.35
6.35
6.35
6.35
6.35
6.35
6.35
6.35
6.35
6.35
6.35
6.35
6.35
6.35
6.35
6.35
6.35
6.35
6.35
6.35
6.35
6.35
6.35
6.35
6.35
6.35
6.35
6.35
6.35
6.35
6.35
6.35
6.35
6.35
6.35
6.35
6.35
6.35
6.35
6.35
6.35
6.35
6.35
6.35
6.35
6.35
6.35
6.35
6.35
6.35
6.35
6.35
6.35
6.35
6.35
6.35
6.35
6.35
6.35
6.35
6.35
6.35
6.35
6.35
6.35
6.35
6.35
6.35
6.35
6.35
6.35
6.35
6.35
6.35
6.35
6.35
6.35
6.40
6.40
6.39
6.39
6.43
6.43
6.42
6.41
6.46
6.45
6.44
6.43
6.42
6.41
6.41
6.40
6.35
6.40
6.39
6.39
6.39
6.38
6.38
6.38
6.38
6.37
6.37
6.37
6.42
6.41
6.40
6.40
6.40
6.39
6.39
6.38
6.38
6.38
6.38
6.37
6.37
6.37
6.37
6.37
6.37
6.36
6.36
6.36
6.36
6.41
6.40
6.40
6.39
6.39
6.39
6.38
6.38
6.38
6.38
6.37
6.37
6.37
6.37
6.37
6.37
6.36
6.36
6.36
6.36
6.36
6.36
6.36
6.36
6.36
6.36
6.36
6.36
6.36
6.36
6.36
6.36
6.36
6.36
6.36
6.36
6.36
6.35
6.35
6.35
6.40
6.40
6.39
6.39
6.39
6.38
6.38
6.38
6.38
6.37
6.37
6.37
6.37
6.37
6.37
6.36
6.36
6.36
6.36
6.36
6.36
6.36
6.36
6.36
6.36
6.36
6.36
6.31
6.31
6.32
6.32
6.32
6.33
6.33
6.33
6.33
6.34
6.34
6.34
6.34
6.34
6.34
6.34
6.35
6.35
6.35
6.35
6.35
6.35
6.35
6.40
6.39
6.39
6.34
6.34
6.34
6.34
6.34
6.34
6.35
6.35
6.35
6.35
6.35
6.35
6.35
6.35
6.35
6.35
6.35
6.35
6.35
6.35
6.35
6.35
6.35
6.35
6.35
6.35
6.35
6.35
6.35
6.35
6.35
6.35
6.35
6.35
6.35
6.35
6.35
6.35
6.35
6.35
6.35
6.35
6.35
6.35
6.30
6.31
6.31
6.32
6.32
6.32
6.33
6.33
6.33
6.33
6.34
6.34
6.34
6.34
6.34
6.34
6.34
6.35
6.35
6.35
6.35
6.35
6.35
6.35
6.35
6.35
6.35
6.35
6.35
6.35
6.35
6.35
6.35
6.35
6.35
6.35
6.35
6.35
6.35
6.35
6.35
6.40
6.40
6.39
6.39
6.43
6.43
6.42
6.41
6.41
6.40
6.40
6.39
6.39
6.39
6.38
6.38
6.38
6.37
6.37
6.37
6.37
6.37
6.37
6.36
6.36
6.36
6.36
6.36
6.36
6.36
6.36
6.36
6.36
6.36
6.36
6.36
6.41
6.40
6.40
6.39
6.39
6.38
6.38
6.38
6.38
6.37
6.37
6.37
6.37
6.37
6.37
6.36
6.36
6.36
6.36
6.36
6.36
6.36
6.36
6.36
6.36
6.36
6.36
6.36
6.36
6.36
6.36
6.36
6.36
6.36
6.36
6.36
6.36
6.35
6.35
6.35
6.35
6.35
6.35
6.35
6.35
6.35
6.35
6.31
6.31
6.31
6.32
6.32
6.33
6.33
6.33
6.33
6.34
6.34
6.34
6.34
6.34
6.34
6.34
6.34
6.35
6.35
6.35
6.35
6.35
6.35
6.35
6.35
6.35
6.35
6.35
6.35
6.35
6.35
6.35
6.35
6.35
6.35
6.35
6.35
6.35
6.35
6.35
6.35
6.35
6.35
6.35
6.35
6.35
6.35
6.35
6.35
6.35
6.35
6.35
6.35
6.35
6.35
6.35
6.35
6.35
6.35
6.35
6.35
6.35
6.35
6.35
6.35
6.35
6.35
6.35
6.35
6.35
6.35
6.35
6.40
6.40
6.39
6.39
6.39
6.38
6.38
6.38
6.37
6.37
6.37
6.37
6.37
6.37
6.37
6.36
6.36
6.36
6.36
6.36
6.36
6.36
6.36
6.36
6.36
6.36
6.36
6.36
6.36
6.36
6.36
6.36
6.36
6.36
6.36
6.36
6.35
6.35
6.35
6.35
6.35
6.35
6.35
6.35
6.35
6.35
6.35
6.35
6.35
6.35
6.35
6.35
6.35
6.35
6.35
6.35
6.35
6.35
6.35
6.35
6.35
6.35
6.35
6.35
6.35
6.35
6.35
6.35
6.35
6.35
6.35
6.35
6.35
6.35
6.35
6.35
6.35
6.35
6.40
6.40
6.39
6.39
6.39
6.38
6.43
6.42
6.41
6.41
6.40
6.45
6.44
6.43
6.37
6.37
6.37
6.37
6.37
6.37
6.36
6.36
6.36
6.36
6.36
6.36
6.36
6.36
6.36
6.36
6.41
6.40
6.40
6.39
6.39
6.38
6.38
6.38
6.38
6.37
6.37
6.37
6.37
6.37
6.41
6.41
6.40
6.40
6.39
6.39
6.39
6.38
6.38
6.38
6.38
6.37
6.42
6.41
6.41
6.40
6.40
6.39
6.39
6.39
6.38
6.38
6.38
6.37
6.37
6.37
6.37
6.37
6.37
6.36
6.36
6.36
6.41
6.41
6.40
6.40
6.39
6.39
6.38
6.38
6.38
6.38
6.37
6.37
6.37
6.37
6.37
6.37
6.36
6.36
6.36
6.36
6.36
6.36
6.36
6.36
6.36
6.36
6.41
6.40
6.45
6.44
6.43
6.42
6.41
6.41
6.40
6.40
6.39
6.44
6.43
6.42
6.42
6.41
6.40
6.40
6.39
6.39
6.39
6.38
6.38
6.38
6.38
6.37
6.37
6.37
6.37
6.37
6.37
6.36
6.36
6.36
6.36
6.36
6.36
6.36
6.36
6.31
6.31
6.32
6.32
6.32
6.33
6.33
6.33
6.33
6.34
6.34
6.34
6.34
6.34
6.34
6.34
6.35
6.35
6.35
6.35
6.35
6.35
6.35
6.35
6.35
6.35
6.35
6.35
6.35
6.35
6.35
6.35
6.35
6.35
6.35
6.35
6.35
6.35
6.35
6.35
6.35
6.35
6.35
6.35
6.35
6.35
6.35
6.35
6.35
6.35
6.35
6.35
6.35
6.35
6.35
6.35
6.35
6.35
6.35
6.35
6.35
6.35
6.35
6.40
6.40
6.39
6.39
6.39
6.38
6.38
6.38
6.42
6.47
6.45
6.49
6.53
6.51
6.50
6.48
6.52
6.50
6.49
6.47
6.46
6.45
6.44
6.43
6.42
6.42
6.41
6.41
6.40
6.40
6.39
6.39
6.38
6.38
6.38
6.38
6.37
6.37
6.37
6.37
6.37
6.37
6.36
6.36
6.41
6.41
6.40
6.40
6.39
6.39
6.38
6.38
6.38
6.38
6.37
6.32
6.33
6.33
6.38
6.38
6.38
6.42
6.42
6.41
6.40
6.40
6.39
6.39
6.39
6.38
6.43
6.47
6.51
6.54
6.57
6.55
6.53
6.56
6.59
6.57
6.54
6.53
6.56
6.59
6.61
6.59
6.56
6.54
6.57
6.60
6.57
6.55
6.53
6.51
6.50
6.48
6.47
6.46
6.45
6.49
6.52
6.51
6.49
6.48
6.47
6.45
6.44
6.48
6.47
6.46
6.45
6.44
6.43
6.42
6.42
6.41
6.40
6.45
6.49
6.47
6.46
6.45
6.44
6.43
6.42
6.42
6.41
6.45
6.49
6.53
6.51
6.54
6.52
6.51
6.49
6.53
6.56
6.59
6.56
6.54
6.57
6.55
6.53
6.56
6.59
6.62
6.59
6.61
6.64
6.66
6.68
6.69
6.66
6.63
6.65
6.67
6.69
6.70
6.67
6.68
6.65
6.62
6.60
6.57
6.60
6.57
6.60
6.58
6.60
6.58
6.60
6.58
6.61
6.58
6.61
6.58
6.56
6.54
6.52
6.55
6.58
6.56
6.54
6.57
6.60
6.62
6.59
6.62
6.64
6.66
6.63
6.65
6.67
6.69
6.65
6.67
6.69
6.71
6.72
6.73
6.74
6.75
6.76
6.72
6.73
6.74
6.71
6.72
6.73
6.74
6.70
6.67
6.69
6.70
6.72
6.73
6.74
6.75
6.71
6.72
6.74
6.70
6.71
6.72
6.69
6.70
6.67
6.69
6.70
6.72
6.68
6.70
6.71
6.72
6.74
6.75
6.76
6.76
6.77
6.78
6.79
6.79
6.75
6.76
6.77
6.77
6.78
6.79
6.74
6.75
6.76
6.77
6.78
6.78
6.79
6.80
6.80
6.80
6.81
6.81
6.81
6.82
6.77
6.78
6.78
6.79
6.80
6.80
6.80
6.81
6.81
6.81
6.77
6.78
6.78
6.79
6.79
6.80
6.80
6.86
6.81
6.81
6.76
6.72
6.69
6.70
6.72
6.68
6.65
6.67
6.68
6.65
6.67
6.69
6.70
6.67
6.64
6.66
6.68
6.64
6.66
6.63
6.60
6.63
6.60
6.63
6.65
6.67
6.64
6.66
6.67
6.69
6.71
6.72
6.73
6.74
6.75
6.71
6.73
6.74
6.75
6.76
6.77
6.77
6.78
6.79
6.74
6.75
6.76
6.77
6.78
6.78
6.79
6.80
6.80
6.80
6.81
6.81
6.81
6.82
6.77
6.78
6.78
6.74
6.75
6.76
6.77
6.78
6.78
6.79
6.79
6.80
6.80
6.81
6.81
6.81
6.82
6.82
6.82
6.82
6.83
6.83
6.83
6.83
6.83
6.83
6.83
6.83
6.84
6.84
6.84
6.84
6.84
6.84
6.84
6.84
6.84
6.84
6.84
6.84
6.84
6.84
6.84
6.84
6.84
6.84
6.84
6.84
6.84
6.84
6.84
6.84
6.84
6.84
6.84
6.84
6.84
6.84
6.79
6.80
6.80
6.81
6.81
6.81
6.82
6.77
6.78
6.78
6.79
6.84
6.84
6.84
6.84
6.84
6.84
6.84
6.84
6.84
6.84
6.79
6.80
6.80
6.81
6.81
6.81
6.82
6.82
6.82
6.82
6.83
6.83
6.83
6.83
6.83
6.83
6.83
6.83
6.84
6.84
6.84
6.84
6.84
6.84
6.84
6.84
6.84
6.84
6.84
6.84
6.84
6.84
6.84
6.84
6.84
6.84
6.84
6.84
6.84
6.84
6.84
6.84
6.84
6.84
6.84
6.84
6.84
6.84
6.84
6.84
6.84
6.84
6.84
6.84
6.84
6.84
6.84
6.84
6.84
6.84
6.84
6.84
6.84
6.84
6.84
6.84
6.84
6.89
6.89
6.88
6.88
6.87
6.87
6.87
6.87
6.86
6.86
6.86
6.86
6.86
6.86
6.85
6.85
6.90
6.89
6.89
6.88
6.88
6.88
6.87
6.87
6.87
6.91
6.91
6.90
6.94
6.93
6.92
6.92
6.91
6.90
6.90
6.89
6.89
6.88
6.88
6.83
6.83
6.83
6.83
6.83
6.83
6.88
6.88
6.87
6.87
6.87
6.87
6.86
6.86
6.86
6.91
6.90
6.94
6.93
6.92
6.92
6.91
6.95
6.94
6.93
6.92
6.91
6.91
6.90
6.89
6.89
6.88
6.88
6.88
6.87
6.87
6.87
6.86
6.86
6.86
6.86
6.86
6.86
6.90
6.90
6.89
6.89
6.88
6.88
6.87
6.87
6.92
6.91
6.90
6.90
6.89
6.89
6.88
6.88
6.87
6.87
6.87
6.87
6.91
6.91
6.90
6.89
6.89
6.88
6.88
6.88
6.87
6.87
6.87
6.86
6.86
6.86
6.86
6.86
6.86
6.85
6.85
6.85
6.85
6.90
6.89
6.89
6.88
6.93
6.97
6.96
6.94
6.93
6.93
6.92
6.91
6.90
6.90
6.89
6.89
6.88
6.88
6.87
6.87
6.92
6.96
6.95
6.99
6.97
6.96
7.00
6.98
6.97
7.00
6.99
6.97
6.96
6.95
6.94
6.93
6.92
6.96
6.95
6.99
6.97
7.01
6.99
7.03
7.01
7.04
7.02
7.05
7.08
7.10
7.13
7.15
7.17
7.13
7.10
7.08
7.05
7.08
7.11
7.08
7.06
7.08
7.11
7.08
7.06
7.09
7.11
7.08
7.06
7.09
7.06
7.04
7.02
7.05
7.03
7.01
7.04
7.07
7.05
7.08
7.10
7.13
7.15
7.12
7.14
7.16
7.17
7.14
7.11
7.13
7.15
7.12
7.14
7.11
7.09
7.06
7.09
7.11
7.09
7.11
7.13
7.15
7.17
7.14
7.11
7.08
7.11
7.13
7.10
7.07
7.05
7.08
7.06
7.08
7.06
7.09
7.06
7.09
7.11
7.14
7.15
7.17
7.19
7.20
7.22
7.23
7.24
7.25
7.26
7.26
7.27
7.28
7.28
7.24
7.20
7.21
7.22
7.23
7.24
7.25
7.26
7.27
7.23
7.24
7.25
7.21
7.22
7.23
7.24
7.25
7.26
7.26
7.27
7.28
7.28
7.29
7.29
7.30
7.30
7.30
7.31
7.26
7.22
7.23
7.24
7.25
7.26
7.26
7.27
7.28
7.28
7.24
7.25
7.26
7.26
7.27
7.28
7.28
7.24
7.25
7.26
7.26
7.27
7.28
7.28
7.29
7.29
7.30
7.30
7.30
7.31
7.31
7.31
7.31
7.31
7.32
7.32
7.32
7.32
7.32
7.32
7.32
7.32
7.32
7.33
7.33
7.33
7.33
7.33
7.33
7.33
7.33
7.33
7.33
7.33
7.33
7.33
7.33
7.33
7.33
7.33
7.33
7.33
7.33
7.33
7.33
7.33
7.33
7.33
7.33
7.33
7.33
7.33
7.33
7.33
7.33
7.33
7.33
7.33
7.33
7.33
7.33
7.33
7.33
7.33
7.33
7.33
7.33
7.33
7.33
7.33
7.33
7.33
7.33
7.33
7.33
7.33
7.33
7.28
7.29
7.29
7.30
7.30
7.30
7.31
7.31
7.31
7.31
7.31
7.32
7.32
7.32
7.32
7.32
7.32
7.32
7.32
7.32
7.37
7.37
7.37
7.36
7.36
7.36
7.35
7.35
7.35
7.35
7.35
7.34
7.34
7.34
7.34
7.34
7.34
7.34
7.34
7.34
7.34
7.34
7.34
7.34
7.33
7.33
7.33
7.33
7.33
7.33
7.33
7.33
7.33
7.33
7.33
7.33
7.33
7.33
7.33
7.33
7.33
7.33
7.33
7.33
7.33
7.33
7.33
7.33
7.33
7.33
7.33
7.33
7.33
7.33
7.33
7.33
7.33
7.33
7.33
7.33
7.33
7.33
7.33
7.33
7.33
7.33
7.33
7.33
7.33
7.33
7.33
7.33
7.33
7.33
7.33
7.33
7.33
7.33
7.33
7.33
7.33
7.33
7.33
7.33
7.33
7.33
7.33
7.38
7.42
7.41
7.41
7.40
7.39
7.39
7.38
7.38
7.37
7.37
7.36
7.36
7.36
7.35
7.35
7.35
7.35
7.35
7.35
7.34
7.34
7.39
7.38
7.38
7.37
7.42
7.41
7.40
7.40
7.39
7.38
7.38
7.42
7.41
7.40
7.45
7.43
7.42
7.42
7.41
7.40
7.39
7.39
7.38
7.38
7.37
7.37
7.36
7.36
7.36
7.36
7.35
7.35
7.35
7.35
7.39
7.39
7.43
7.47
7.46
7.44
7.48
7.47
7.50
7.48
7.47
7.46
7.49
7.52
7.51
7.54
7.57
7.54
7.52
7.50
7.53
7.51
7.50
7.48
7.46
7.45
7.49
7.47
7.46
7.45
7.43
7.42
7.41
7.41
7.40
7.39
7.39
7.38
7.38
7.42
7.41
7.40
7.40
7.39
7.38
7.38
7.42
7.41
7.45
7.44
7.43
7.47
7.50
7.54
7.52
7.50
7.48
7.47
7.45
7.49
7.47
7.51
7.49
7.47
7.51
7.49
7.48
7.46
7.50
7.48
7.47
7.45
7.44
7.43
7.42
7.46
7.50
7.48
7.46
7.45
7.49
7.47
7.51
7.54
7.52
7.50
7.48
7.52
7.50
7.53
7.51
7.54
7.57
7.59
7.57
7.54
7.52
7.50
7.49
7.47
7.46
7.49
7.48
7.46
7.45
7.44
7.43
7.42
7.41
7.45
7.49
7.52
7.50
7.53
7.56
7.59
7.61
7.63
7.60
7.57
7.60
7.62
7.59
7.62
7.59
7.56
7.54
7.57
7.54
7.57
7.60
7.62
7.59
7.56
7.59
7.61
7.63
7.65
7.62
7.59
7.56
7.59
7.61
7.63
7.60
7.63
7.64
7.66
7.68
7.69
7.71
7.72
7.73
7.69
7.70
7.71
7.72
7.73
7.74
7.75
7.76
7.76
7.77
7.77
7.73
7.69
7.70
7.71
7.73
7.73
7.74
7.70
7.71
7.72
7.73
7.74
7.70
7.71
7.72
7.73
7.74
7.75
7.76
7.76
7.77
7.77
7.78
7.73
7.74
7.70
7.71
7.72
7.68
7.70
7.66
7.68
7.69
7.70
7.72
7.73
7.69
7.70
7.71
7.72
7.73
7.74
7.70
7.71
7.72
7.73
7.74
7.75
7.76
7.76
7.77
7.77
7.78
7.73
7.74
7.70
7.71
7.72
7.68
7.70
7.71
7.72
7.73
7.74
7.75
7.76
7.76
7.77
7.77
7.78
7.78
7.79
7.79
7.79
7.80
7.80
7.80
7.80
7.80
7.81
7.81
7.81
7.81
7.81
7.81
7.81
7.81
7.81
7.81
7.81
7.82
7.82
7.82
7.82
7.82
7.82
7.82
7.82
7.82
7.82
7.82
7.82
7.82
7.82
7.82
7.82
7.82
7.82
7.82
7.82
7.82
7.82
7.82
7.82
7.82
7.82
7.82
7.82
7.82
7.82
7.82
7.82
7.82
7.82
7.82
7.82
7.82
7.82
7.82
7.82
7.82
7.82
7.82
7.82
7.82
7.82
7.82
7.82
7.82
7.82
7.82
7.82
7.87
7.86
7.86
7.86
7.85
7.85
7.85
7.84
7.84
7.84
7.84
7.84
7.83
7.83
7.88
7.87
7.87
7.86
7.86
7.86
7.85
7.90
7.89
7.88
7.88
7.87
7.87
7.86
7.81
7.81
7.81
7.81
7.81
7.81
7.81
7.81
7.82
7.82
7.82
7.82
7.82
7.82
7.82
7.82
7.82
7.82
7.82
7.82
7.82
7.82
7.82
7.82
7.82
7.82
7.82
7.82
7.82
7.87
7.86
7.86
7.86
7.85
7.85
7.85
7.84
7.84
7.84
7.84
7.84
7.83
7.88
7.88
7.87
7.86
7.86
7.86
7.85
7.90
7.89
7.88
7.88
7.87
7.87
7.86
7.86
7.85
7.90
7.89
7.88
7.88
7.87
7.87
7.91
7.95
7.94
7.93
7.92
7.91
7.95
7.93
7.97
7.96
7.94
7.98
7.96
7.95
7.94
7.92
7.96
7.95
7.94
7.92
7.91
7.95
7.94
7.98
8.01
7.99
7.97
7.96
7.99
8.03
8.00
7.99
7.97
7.95
7.94
7.93
7.92
7.91
7.90
7.94
7.93
7.92
7.91
7.95
7.94
7.92
7.91
7.95
7.99
8.02
8.05
8.03
8.05
8.08
8.10
8.12
8.09
8.11
8.13
8.10
8.12
8.14
8.11
8.08
8.05
8.08
8.10
8.12
8.14
8.11
8.13
8.15
8.16
8.18
8.19
8.20
8.21
8.17
8.19
8.20
8.16
8.18
8.19
8.20
8.21
8.22
8.23
8.24
8.25
8.20
8.16
8.18
8.19
8.20
8.21
8.22
8.23
8.24
8.25
8.25
8.26
8.26
8.22
8.23
8.24
8.24
8.25
8.21
8.22
8.23
8.23
8.24
8.25
8.25
8.26
8.27
8.27
8.27
8.23
8.24
8.24
8.20
8.16
8.18
8.19
8.20
8.21
8.22
8.23
8.24
8.25
8.20
8.21
8.22
8.23
8.24
8.25
8.25
8.26
8.26
8.27
8.27
8.28
8.28
8.28
8.28
8.29
8.29
8.29
8.29
8.29
8.30
8.30
8.30
8.30
8.30
8.30
8.30
8.30
8.30
8.26
8.26
8.27
8.27
8.27
8.28
8.28
8.28
8.29
8.29
8.29
8.29
8.29
8.30
8.30
8.30
8.30
8.30
8.30
8.30
8.30
8.30
8.30
8.30
8.30
8.31
8.31
8.31
8.31
8.31
8.31
8.31
8.31
8.31
8.31
8.31
8.31
8.31
8.31
8.31
8.31
8.31
8.31
8.31
8.31
8.31
8.31
8.31
8.31
8.31
8.31
8.31
8.31
8.31
8.31
8.31
8.31
8.31
8.31
8.31
8.31
8.31
8.31
8.31
8.31
8.31
8.31
8.31
8.31
8.31
8.31
8.31
8.31
8.31
8.31
8.31
8.31
8.31
8.31
8.31
8.31
8.31
8.31
8.31
8.31
8.31
8.31
8.31
8.31
8.31
8.36
8.35
8.35
8.34
8.34
8.34
8.33
8.33
8.33
8.33
8.33
8.32
8.32
8.32
8.32
8.32
8.32
8.32
8.32
8.36
8.36
8.35
8.35
8.35
8.34
8.34
8.34
8.33
8.33
8.38
8.37
8.41
8.40
8.39
8.38
8.38
8.37
8.36
8.36
8.35
8.35
8.35
8.39
8.38
8.42
8.41
8.40
8.39
8.38
8.38
8.42
8.41
8.40
8.39
8.43
8.47
8.45
8.44
8.42
8.41
8.40
8.39
8.38
8.38
8.42
8.46
8.44
8.48
8.51
8.49
8.47
8.50
8.48
8.47
8.50
8.48
8.46
8.45
8.48
8.47
8.45
8.48
8.47
8.50
8.53
8.51
8.54
8.56
8.54
8.51
8.54
8.57
8.59
8.61
8.63
8.65
8.61
8.63
8.65
8.66
8.68
8.69
8.65
8.62
8.59
8.56
8.58
8.55
8.58
8.60
8.62
8.64
8.61
8.58
8.55
8.57
8.55
8.52
8.55
8.58
8.60
8.62
8.59
8.61
8.63
8.64
8.61
8.58
8.55
8.53
8.51
8.54
8.56
8.54
8.56
8.59
8.56
8.58
8.60
8.62
8.64
8.66
8.67
8.68
8.69
8.71
8.71
8.72
8.73
8.74
8.74
8.75
8.75
8.76
8.76
8.77
8.77
8.77
8.73
8.73
8.74
8.70
8.71
8.72
8.72
8.73
8.74
8.74
8.75
8.75
8.76
8.76
8.77
8.72
8.73
8.73
8.74
8.75
8.75
8.76
8.76
8.76
8.77
8.77
8.77
8.78
8.73
8.74
8.74
8.75
8.75
8.76
8.76
8.76
8.77
8.77
8.77
8.78
8.78
8.78
8.78
8.78
8.78
8.79
8.79
8.79
8.79
8.79
8.79
8.79
8.79
8.79
8.79
8.79
8.79
8.79
8.79
8.80
8.80
8.80
8.80
8.80
8.80
8.80
8.80
8.80
8.80
8.80
8.80
8.80
8.80
8.80
8.80
8.80
8.80
8.80
8.80
8.80
8.80
8.80
8.80
8.80
8.80
8.80
8.80
8.80
8.80
8.80
8.80
8.80
8.80
8.80
8.80
8.80
8.80
8.80
8.80
8.80
8.80
8.80
8.80
8.80
8.80
8.80
8.80
8.85
8.84
8.84
8.83
8.83
8.83
8.87
8.91
8.95
8.98
8.97
8.95
8.98
8.96
8.95
8.93
8.92
8.96
8.94
8.97
8.96
8.94
8.93
8.91
8.90
8.94
8.93
8.96
8.99
9.02
9.05
9.02
9.05
9.07
9.10
9.11
9.13
9.15
9.16
9.17
9.19
9.20
9.20
9.21
9.22
9.23
9.23
9.24
9.24
9.25
9.25
9.21
9.16
9.18
9.19
9.20
9.21
9.21
9.22
9.23
9.23
9.24
9.24
9.25
9.25
9.26
9.26
9.26
9.26
9.27
9.27
9.27
9.27
9.27
9.27
9.28
9.23
9.23
9.24
9.24
9.25
9.25
9.26
9.26
9.26
9.26
9.27
9.27
9.27
9.27
9.27
9.27
9.28
9.28
9.28
9.28
9.28
9.28
9.28
9.28
9.33
9.33
9.32
9.32
9.32
9.31
9.31
9.36
9.35
9.34
9.39
9.38
9.37
9.41
9.40
9.43
9.42
9.41
9.44
9.48
9.51
9.53
9.56
9.53
9.55
9.58
9.60
9.61
9.63
9.64
9.66
9.67
9.68
9.69
9.65
9.66
9.67
9.68
9.64
9.66
9.67
9.68
9.69
9.70
9.71
9.71
9.72
9.72
9.73
9.73
9.74
9.74
9.75
9.75
9.75
9.75
9.76
9.76
9.76
9.71
9.72
9.72
9.73
9.73
9.74
9.74
9.74
9.75
9.80
9.80
9.79
9.79
9.79
9.79
9.79
9.79
9.79
9.78
9.78
9.78
9.78
9.78
9.78
9.78
9.83
9.87
9.86
9.85
9.89
9.88
9.87
9.91
9.95
9.98
10.01
9.98
9.96
9.99
10.02
10.00
10.02
10.05
10.02
10.04
10.07
10.09
10.10
10.12
10.13
10.10
10.11
10.13
10.14
10.16
10.17
10.18
10.18
10.19
10.20
10.21
10.21
10.22
10.22
10.23
10.23
10.23
10.24
10.24
10.24
10.24
10.25
10.25
10.25
10.25
10.25
10.25
10.25
10.26
10.30
10.30
10.30
10.34
10.33
10.33
10.37
10.36
10.35
10.39
10.43
10.46
10.44
10.42
10.41
10.44
10.42
10.46
10.49
10.46
10.49
10.52
10.54
10.56
10.58
10.60
10.61
10.63
10.64
10.65
10.66
10.67
10.68
10.69
10.69
10.70
10.70
10.71
10.71
10.72
10.72
10.72
10.73
10.73
10.73
10.73
10.74
10.74
10.74
10.74
10.74
10.74
10.74
10.74
10.79
10.79
10.84
10.83
10.82
10.86
10.85
10.84
10.83
10.87
10.86
10.90
10.88
10.87
10.86
10.90
10.88
10.92
10.95
10.98
10.96
10.99
11.01
11.03
11.06
11.07
11.09
11.11
11.12
11.13
11.14
11.15
11.16
11.17
11.18
11.18
11.19
11.15
11.15
11.16
11.17
11.18
11.18
11.19
11.20
11.20
11.20
11.21
11.21
11.21
11.22
11.22
11.27
11.27
11.26
11.26
11.26
11.26
11.31
11.30
11.34
11.38
11.37
11.35
11.39
11.38
11.36
11.40
11.43
11.46
11.49
11.51
11.49
11.51
11.48
11.46
11.49
11.46
11.44
11.47
11.50
11.52
11.54
11.56
11.58
11.59
11.61
11.62
11.63
11.59
11.60
11.62
11.63
11.64
11.65
11.66
11.66
11.67
11.68
11.68
11.69
11.69
11.69
11.70
11.70
11.70
11.71
11.71
11.71
11.71
11.71
11.72
11.72
11.72
11.72
11.72
11.77
11.77
11.76
11.81
11.80
11.79
11.84
11.83
11.87
11.85
11.89
11.92
11.95
11.98
12.00
12.02
11.99
12.02
11.99
12.01
11.98
12.01
12.03
12.05
12.06
12.08
12.09
12.11
12.12
12.13
12.14
12.14
12.15
12.16
12.17
12.17
12.18
12.18
12.18
12.19
12.19
12.19
12.20
12.20
12.20
12.20
12.20
12.21
12.26
12.25
12.30
12.29
12.28
12.28
12.27
12.27
12.26
12.31
12.30
12.34
12.33
12.32
12.35
12.39
12.37
12.41
12.44
12.46
12.49
12.51
12.53
12.55
12.51
12.53
12.50
12.52
12.54
12.56
12.57
12.59
12.60
12.61
12.62
12.63
12.64
12.64
12.65
12.66
12.66
12.67
12.67
12.67
12.68
12.68
12.68
12.69
12.69
12.69
12.69
12.69
12.69
12.70
12.70
12.70
12.70
12.70
12.70
12.70
12.70
12.75
12.75
12.79
12.78
12.82
12.81
12.80
12.84
12.83
12.82
12.81
12.84
12.88
12.91
12.89
12.87
12.91
12.93
12.96
12.98
13.01
13.02
13.04
13.06
13.07
13.08
13.09
13.11
13.11
13.12
13.13
13.14
13.14
13.15
13.15
13.16
13.16
13.16
13.17
13.17
13.17
13.18
13.18
13.18
13.18
13.18
13.18
13.23
13.23
13.23
13.22
13.22
13.22
13.22
13.21
13.21
13.21
13.21
13.21
13.26
13.25
13.24
13.29
13.33
13.36
13.40
13.43
13.45
13.47
13.50
13.51
13.53
13.50
13.52
13.53
13.55
13.56
13.57
13.59
13.60
13.60
13.61
13.62
13.63
13.63
13.59
13.60
13.61
13.61
13.67
13.67
13.67
13.67
13.68
13.68
13.68
13.68
13.68
13.68
13.68
13.68
13.68
13.68
13.68
13.68
13.68
13.68
13.68
13.68
13.68
13.73
13.78
13.82
13.85
13.84
13.82
13.86
13.89
13.87
13.90
13.93
13.95
13.97
13.99
14.01
14.03
14.04
14.06
14.07
14.08
14.09
14.10
14.10
14.11
14.12
14.12
14.13
14.13
14.14
14.14
14.14
14.15
14.15
14.15
14.15
14.16
14.16
14.16
14.16
14.16
14.16
14.16
14.17
14.22
14.21
14.21
14.20
14.20
14.25
14.24
14.23
14.28
14.27
14.26
14.25
14.24
14.23
14.23
14.27
14.31
14.30
14.28
14.27
14.26
14.30
14.34
14.32
14.36
14.34
14.37
14.40
14.43
14.40
14.43
14.45
14.47
14.49
14.51
14.52
14.54
14.55
14.56
14.57
14.58
14.59
14.60
14.60
14.61
14.61
14.62
14.62
14.63
14.63
14.63
14.64
14.64
14.64
14.64
14.65
14.65
14.65
14.65
14.65
14.65
14.65
14.65
14.66
14.71
14.70
14.75
14.79
14.77
14.81
14.80
14.78
14.77
14.76
14.80
14.83
14.82
14.80
14.79
14.82
14.86
14.84
14.87
14.90
14.92
14.95
14.92
14.94
14.91
14.94
14.91
14.93
14.96
14.93
14.95
14.97
14.99
15.00
15.02
15.03
15.04
15.05
15.06
15.07
15.08
15.09
15.09
15.10
15.11
15.11
15.11
15.12
15.12
15.12
15.13
15.13
15.13
15.13
15.14
15.14
15.14
15.14
15.14
15.19
15.19
15.18
15.18
15.18
15.22
15.22
15.21
15.25
15.29
15.28
15.31
15.30
15.33
15.31
15.30
15.33
15.36
15.39
15.42
15.44
15.46
15.43
15.45
15.47
15.49
15.45
15.47
15.49
15.50
15.52
15.53
15.54
15.55
15.56
15.57
15.57
15.58
15.59
15.59
15.60
15.60
15.61
15.61
15.61
15.61
15.62
15.62
15.62
15.62
15.63
15.63
15.63
15.63
15.63
15.63
15.63
15.63
15.63
15.63
15.64
15.64
15.64
15.69
15.68
15.68
15.67
15.67
15.67
15.71
15.75
15.74
15.73
15.72
15.72
15.71
15.70
15.69
15.69
15.68
15.73
15.77
15.81
15.84
15.87
15.89
15.92
15.94
15.96
15.97
15.99
16.00
16.02
16.03
16.04
16.05
16.05
16.06
16.07
16.07
16.08
16.09
16.09
16.09
16.10
16.10
16.10
16.11
16.11
16.11
16.11
16.11
16.12
16.12
16.12
16.12
16.12
16.12
16.12
16.12
16.12
16.12
16.12
16.12
16.13
16.13
16.13
16.13
16.13
16.18
16.17
16.22
16.21
16.25
16.24
16.23
16.22
16.21
16.25
16.29
16.32
16.35
16.38
16.40
16.37
16.40
16.42
16.44
16.46
16.47
16.49
16.50
16.51
16.52
16.53
16.49
16.50
16.52
16.53
16.54
16.54
16.55
16.56
16.56
16.57
16.57
16.58
16.58
16.59
16.59
16.59
16.59
16.60
16.60
16.60
16.60
16.60
16.61
16.61
16.66
16.65
16.65
16.65
16.64
16.64
16.64
16.64
16.63
16.63
16.63
16.68
16.67
16.67
16.66
16.66
16.70
16.74
16.78
16.76
16.75
16.74
16.72
16.71
16.70
16.74
16.73
16.72
16.76
16.74
16.78
16.76
16.80
16.83
16.86
16.88
16.90
16.92
16.94
16.96
16.97
16.99
17.00
17.01
16.97
16.98
17.00
17.01
17.02
17.03
17.03
17.04
17.05
17.05
17.06
17.06
17.07
17.07
17.08
17.08
17.08
17.08
17.09
17.09
17.09
17.09
17.09
17.09
17.10
17.10
17.10
17.10
17.10
17.10
17.10
17.10
17.15
17.15
17.14
17.14
17.14
17.13
17.18
17.17
17.17
17.16
17.20
17.19
17.18
17.18
17.17
17.16
17.16
17.15
17.20
17.24
17.27
17.30
17.33
17.31
17.29
17.32
17.35
17.37
17.40
17.42
17.38
17.41
17.42
17.44
17.46
17.47
17.48
17.49
17.50
17.51
17.52
17.53
17.54
17.54
17.55
17.55
17.56
17.56
17.56
17.57
17.57
17.57
17.57
17.58
17.58
17.58
17.58
17.58
17.58
17.59
17.59
17.59
17.59
17.59
17.59
17.64
17.63
17.63
17.63
17.62
17.67
17.66
17.66
17.65
17.64
17.64
17.63
17.63
17.63
17.67
17.71
17.70
17.74
17.73
17.71
17.75
17.73
17.72
17.71
17.75
17.78
17.76
17.79
17.82
17.80
17.78
17.76
17.79
17.77
17.80
17.83
17.86
17.88
17.90
17.92
17.94
17.95
17.96
17.98
17.99
18.00
18.01
18.01
18.02
18.03
18.03
18.04
18.04
18.05
18.05
18.05
18.06
18.06
18.06
18.06
18.07
18.07
18.07
18.07
18.07
18.07
18.07
18.08
18.08
18.08
18.08
18.08
18.08
18.08
18.08
18.08
18.08
18.08
18.08
18.08
18.13
18.13
18.12
18.12
18.16
18.16
18.20
18.19
18.18
18.17
18.16
18.15
18.19
18.18
18.17
18.16
18.20
18.24
18.27
18.30
18.28
18.31
18.29
18.27
18.30
18.33
18.35
18.37
18.39
18.41
18.43
18.44
18.45
18.42
18.43
18.45
18.46
18.47
18.48
18.49
18.50
18.51
18.51
18.52
18.52
18.53
18.53
18.49
18.50
18.50
18.51
18.52
18.52
18.53
18.53
18.54
18.49
18.50
18.51
18.51
18.52
18.52
18.53
18.53
18.54
18.54
18.54
18.55
18.55
18.55
18.55
18.56
18.56
18.56
18.56
18.56
18.56
18.56
18.56
18.57
18.57
18.57
18.57
18.57
18.57
18.57
18.57
18.57
18.57
18.57
18.62
18.66
18.65
18.65
18.64
18.68
18.67
18.71
18.74
18.78
18.76
18.74
18.72
18.76
18.74
18.77
18.75
18.78
18.76
18.79
18.77
18.80
18.82
18.85
18.87
18.89
18.91
18.92
18.94
18.95
18.96
18.97
18.98
18.99
18.99
19.00
18.96
18.97
18.98
18.99
18.99
19.00
19.01
19.01
19.02
19.02
19.03
19.03
19.03
19.04
19.04
19.04
19.04
19.00
19.00
19.01
19.01
19.02
19.02
19.03
19.03
19.03
19.04
19.09
19.08
19.08
19.08
19.08
19.13
19.12
19.11
19.11
19.10
19.10
19.10
19.09
19.09
19.09
19.08
19.13
19.12
19.12
19.11
19.11
19.10
19.15
19.14
19.18
19.22
19.20
19.19
19.22
19.26
19.24
19.27
19.25
19.23
19.26
19.29
19.27
19.30
19.32
19.34
19.36
19.38
19.40
19.41
19.43
19.44
19.45
19.46
19.47
19.48
19.49
19.49
19.50
19.50
19.51
19.46
19.42
19.44
19.45
19.46
19.47
19.48
19.48
19.49
19.50
19.50
19.51
19.51
19.51
19.52
19.52
19.52
19.53
19.53
19.53
19.53
19.53
19.54
19.54
19.54
19.54
19.54
19.54
19.59
19.59
19.58
19.58
19.58
19.57
19.57
19.57
19.57
19.62
19.61
19.60
19.60
19.59
19.59
19.58
19.58
19.58
19.58
19.57
19.57
19.62
19.61
19.60
19.65
19.64
19.63
19.62
19.61
19.66
19.65
19.64
19.63
19.62
19.61
19.61
19.65
19.69
19.72
19.71
19.74
19.77
19.80
19.82
19.84
19.86
19.88
19.90
19.91
19.92
19.93
19.95
19.95
19.96
19.97
19.98
19.98
19.99
19.99
20.00
20.00
20.01
20.01
20.01
20.02
20.02
20.02
20.02
20.02
20.03
20.03
20.03
20.03
20.03
20.03
20.03
20.03
20.03
20.03
20.03
20.03
20.04
20.04
20.04
20.04
20.04
20.04
20.04
20.04
20.04
20.04
20.04
20.04
20.04
20.04
20.04
20.04
20.04
20.04
20.04
20.04
20.04
20.04
20.04
20.04
20.04
20.04
20.04
20.04
20.04
20.04
20.04
20.04
20.04
20.04
20.04
20.04
20.04
20.09
20.08
20.13
20.12
20.11
20.10
20.10
20.14
20.13
20.12
20.11
20.15
20.14
20.13
20.17
20.21
20.24
20.22
20.25
20.28
20.25
20.28
20.31
20.28
20.30
20.33
20.35
20.36
20.38
20.40
20.41
20.42
20.38
20.40
20.41
20.42
20.43
20.44
20.45
20.46
20.47
20.47
20.48
20.48
20.49
20.49
20.45
20.45
20.46
20.47
20.47
20.48
20.48
20.49
20.49
20.50
20.50
20.50
20.50
20.51
20.51
20.51
20.51
20.51
20.52
20.52
20.52
20.52
20.52
20.52
20.52
20.52
20.52
20.52
20.52
20.52
20.52
20.52
20.53
20.53
20.53
20.53
20.53
20.53
20.53
20.53
20.58
20.57
20.57
20.56
20.56
20.56
20.55
20.55
20.55
20.55
20.54
20.54
20.54
20.59
20.58
20.58
20.62
20.61
20.65
20.64
20.63
20.62
20.61
20.60
20.64
20.63
20.62
20.66
20.65
20.64
20.62
20.61
20.61
20.60
20.64
20.68
20.71
20.69
20.68
20.71
20.69
20.72
20.71
20.69
20.67
20.71
20.74
20.72
20.70
20.68
20.71
20.74
20.77
20.80
20.77
20.79
20.82
20.84
20.81
20.83
20.85
20.86
20.88
20.89
20.90
20.92
20.93
20.93
20.94
20.95
20.96
20.91
20.92
20.93
20.94
20.95
20.96
20.96
20.97
20.97
20.98
20.98
20.98
20.99
20.99
20.99
21.00
21.00
21.00
21.00
21.00
21.00
21.01
21.01
21.01
21.01
21.01
21.01
21.01
21.01
21.01
21.01
21.01
21.01
21.01
21.01
21.01
21.01
21.01
21.01
21.01
21.02
21.02
21.02
21.02
21.02
21.02
21.02
21.02
21.02
21.02
21.02
21.02
21.02
21.02
21.07
21.06
21.06
21.05
21.05
21.05
21.04
21.04
21.04
21.04
21.08
21.08
21.07
21.06
21.06
21.06
21.10
21.09
21.13
21.17
21.20
21.19
21.17
21.20
21.23
21.21
21.19
21.22
21.20
21.23
21.21
21.24
21.22
21.25
21.27
21.25
21.27
21.25
21.27
21.25
21.27
21.30
21.32
21.34
21.35
21.37
21.38
21.35
21.36
21.38
21.39
21.35
21.37
21.38
21.39
21.40
21.41
21.42
21.43
21.44
21.45
21.45
21.46
21.46
21.47
21.47
21.47
21.48
21.48
21.48
21.48
21.49
21.49
21.49
21.49
21.49
21.49
21.50
21.50
21.50
21.50
21.50
21.50
21.50
21.50
21.50
21.50
21.50
21.50
21.50
21.50
21.50
21.50
21.50
21.50
21.50
21.50
21.50
21.50
21.50
21.50
21.50
21.50
21.50
21.50
21.50
21.50
21.50
21.50
21.51
21.51
21.51
21.51
21.51
21.51
21.51
21.51
21.51
21.51
21.51
21.51
21.51
21.51
21.51
21.51
21.51
21.51
21.55
21.60
21.59
21.58
21.57
21.57
21.56
21.55
21.55
21.55
21.54
21.59
21.58
21.57
21.61
21.60
21.64
21.63
21.66
21.70
21.73
21.75
21.73
21.71
21.69
21.72
21.70
21.68
21.66
21.69
21.67
21.66
21.64
21.63
21.62
21.65
21.64
21.67
21.71
21.74
21.71
21.74
21.77
21.79
21.81
21.83
21.84
21.81
21.78
21.80
21.82
21.84
21.80
21.82
21.84
21.86
21.87
21.88
21.89
21.90
21.91
21.92
21.93
21.93
21.94
21.95
21.95
21.91
21.92
21.92
21.93
21.94
21.94
21.95
21.95
21.96
21.96
21.96
21.97
21.97
21.97
21.97
21.98
21.98
21.98
21.98
21.98
21.98
21.98
21.99
21.99
21.99
21.99
21.99
21.99
21.99
21.99
21.99
21.99
21.99
21.99
21.99
21.99
21.99
21.99
21.99
21.99
21.99
21.99
21.99
21.99
21.99
21.99
21.99
21.99
21.99
21.99
21.99
21.99
21.99
21.99
21.99
21.99
21.99
21.99
21.99
22.04
22.04
22.03
22.03
22.03
22.02
22.02
22.02
22.02
22.01
22.01
22.01
22.01
22.06
22.05
22.09
22.08
22.07
22.07
22.06
22.05
22.05
22.09
22.08
22.07
22.06
22.06
22.05
22.09
22.08
22.08
22.07
22.06
22.10
22.09
22.08
22.12
22.11
22.10
22.14
22.12
22.11
22.10
22.14
22.17
22.15
22.19
22.22
22.19
22.22
22.20
22.23
22.25
22.23
22.25
22.28
22.30
22.27
22.29
22.31
22.33
22.29
22.31
22.33
22.34
22.31
22.33
22.34
22.36
22.37
22.38
22.39
22.40
22.41
22.42
22.42
22.43
22.43
22.44
22.39
22.40
22.41
22.42
22.42
22.43
22.44
22.44
22.44
22.45
22.45
22.46
22.46
22.46
22.46
22.46
22.47
22.47
22.47
22.47
22.47
22.47
22.47
22.48
22.48
22.48
22.48
22.48
22.48
22.48
22.48
22.48
22.48
22.48
22.48
22.48
22.48
22.48
22.48
22.48
22.48
22.48
22.48
22.48
22.48
22.48
22.48
22.48
22.48
22.48
22.48
22.48
22.48
22.48
22.48
22.48
22.48
22.48
22.48
22.48
22.48
22.48
22.48
22.48
22.48
22.48
22.48
22.48
22.48
22.48
22.48
22.48
22.48
22.48
22.48
22.48
22.48
22.48
22.48
22.48
22.48
22.48
22.48
22.48
22.48
22.48
22.48
22.48
22.48
22.48
22.48
22.48
22.48
22.53
22.53
22.52
22.52
22.51
22.51
22.51
22.51
22.50
22.50
22.50
22.50
22.50
22.50
22.49
22.54
22.58
22.57
22.57
22.61
22.64
22.68
22.71
22.68
22.71
22.69
22.67
22.65
22.68
22.66
22.64
22.68
22.66
22.64
22.62
22.66
22.64
22.63
22.66
22.64
22.68
22.70
22.68
22.66
22.64
22.68
22.66
22.69
22.72
22.69
22.67
22.65
22.69
22.71
22.74
22.71
22.74
22.76
22.78
22.80
22.82
22.83
22.85
22.81
22.83
22.79
22.76
22.73
22.76
22.78
22.80
22.82
22.83
22.85
22.86
22.87
22.88
22.89
22.90
22.90
22.91
22.92
22.92
22.93
22.93
22.89
22.90
22.90
22.91
22.92
22.87
22.88
22.89
22.90
22.91
22.91
22.92
22.92
22.93
22.93
22.94
22.94
22.94
22.95
22.95
22.95
22.95
22.96
22.96
22.96
22.96
22.96
22.96
22.96
22.96
22.96
22.97
22.97
22.97
22.97
22.97
22.97
22.97
22.97
22.97
22.97
22.97
22.97
22.97
22.97
22.97
22.97
22.97
22.97
22.97
22.97
22.97
22.97
22.97
22.97
22.97
23.02
23.02
23.01
23.01
23.00
23.00
23.00
22.99
22.99
22.99
22.99
22.99
23.03
23.03
23.02
23.02
23.01
23.06
23.05
23.04
23.03
23.03
23.02
23.02
23.01
23.01
23.00
23.00
23.05
23.04
23.03
23.03
23.02
23.02
23.01
23.01
23.00
23.05
23.04
23.04
23.03
23.02
23.02
23.01
23.01
23.01
23.00
23.00
23.00
22.99
22.99
23.04
23.03
23.03
23.02
23.06
23.06
23.05
23.04
23.08
23.07
23.11
23.10
23.08
23.12
23.11
23.09
23.08
23.07
23.11
23.09
23.08
23.07
23.06
23.10
23.09
23.13
23.11
23.15
23.13
23.11
23.15
23.13
23.11
23.10
23.09
23.12
23.16
23.19
23.22
23.24
23.26
23.23
23.26
23.28
23.29
23.31
23.28
23.30
23.31
23.33
23.34
23.30
23.32
23.33
23.35
23.36
23.37
23.38
23.39
23.39
23.40
23.36
23.37
23.38
23.34
23.35
23.36
23.32
23.33
23.35
23.31
23.32
23.34
23.35
23.36
23.37
23.38
23.39
23.40
23.40
23.41
23.41
23.42
23.37
23.38
23.39
23.40
23.40
23.41
23.41
23.42
23.42
23.43
23.43
23.43
23.44
23.44
23.44
23.44
23.44
23.45
23.45
23.45
23.45
23.45
23.45
23.45
23.45
23.45
23.45
23.41
23.41
23.42
23.42
23.43
23.43
23.43
23.43
23.44
23.44
23.44
23.44
23.45
23.45
23.45
23.45
23.45
23.45
23.45
23.45
23.45
23.45
23.46
23.46
23.46
23.46
23.46
23.46
23.46
23.46
23.46
23.46
23.46
23.46
23.46
23.46
23.46
23.46
23.46
23.46
23.46
23.46
23.46
23.46
23.46
23.46
23.46
23.46
23.46
23.46
23.46
23.46
23.46
23.46
23.46
23.46
23.51
23.50
23.50
23.50
23.49
23.49
23.49
23.48
23.48
23.48
23.48
23.48
23.47
23.47
23.47
23.47
23.47
23.47
23.47
23.47
23.47
23.47
23.51
23.51
23.50
23.50
23.50
23.49
23.49
23.49
23.48
23.48
23.48
23.48
23.48
23.47
23.47
23.47
23.47
23.47
23.47
23.47
23.47
23.47
23.47
23.47
23.46
23.46
23.46
23.46
23.46
23.46
23.46
23.46
23.46
23.46
23.46
23.46
23.46
23.46
23.46
23.46
23.46
23.46
23.46
23.46
23.46
23.46
23.51
23.50
23.50
23.50
23.49
23.49
23.54
23.53
23.52
23.52
23.51
23.50
23.50
23.50
23.49
23.54
23.53
23.57
23.56
23.55
23.59
23.63
23.61
23.60
23.63
23.61
23.65
23.63
23.61
23.65
23.63
23.61
23.60
23.58
23.62
23.60
23.59
23.62
23.61
23.59
23.63
23.66
23.64
23.67
23.70
23.68
23.65
23.63
23.67
23.65
23.68
23.70
23.68
23.66
23.64
23.62
23.60
23.64
23.67
23.70
23.72
23.75
23.77
23.74
23.76
23.78
23.79
23.81
23.82
23.79
23.80
23.77
23.79
23.80
23.82
23.78
23.80
23.81
23.83
23.84
23.85
23.86
23.87
23.88
23.88
23.89
23.90
23.90
23.91
23.91
23.91
23.92
23.92
23.88
23.88
23.84
23.85
23.86
23.87
23.88
23.84
23.85
23.86
23.87
23.87
23.88
23.89
23.90
23.90
23.91
23.91
23.91
23.92
23.92
23.92
23.93
23.93
23.93
23.93
23.93
23.94
23.94
23.94
23.94
23.94
23.94
23.94
23.94
23.89
23.90
23.90
23.91
23.91
23.92
23.92
23.92
23.93
23.93
23.93
23.93
23.93
23.94
23.94
23.94
23.94
23.94
23.94
23.94
23.94
23.94
23.94
23.94
23.94
23.95
23.95
23.95
23.95
23.90
23.90
23.91
23.91
23.92
23.92
23.92
23.92
23.93
23.93
23.93
23.93
23.93
23.94
23.94
23.94
23.94
23.94
23.94
23.94
23.94
23.94
23.94
23.94
23.95
23.95
23.95
23.95
23.95
23.95
23.95
23.95
23.95
23.95
23.95
23.95
23.95
23.95
23.95
23.95
23.95
23.95
23.95
23.95
23.95
23.95
23.95
23.95
23.95
23.95
23.95
23.95
23.95
23.95
23.95
23.95
23.95
23.95
23.95
23.95
23.95
23.95
23.95
23.95
23.95
23.95
23.95
24.00
23.99
23.99
23.98
23.98
24.03
24.02
24.01
24.01
24.00
24.00
23.99
23.99
24.03
24.02
24.06
24.05
24.04
24.03
24.02
24.02
24.06
24.05
24.04
24.03
24.02
24.01
24.01
24.05
24.04
24.03
24.02
24.02
24.01
24.00
24.00
23.99
23.99
23.98
23.98
23.98
23.97
23.97
23.97
23.97
24.01
24.01
24.00
24.00
24.04
24.03
24.02
24.02
24.06
24.05
24.04
24.03
24.02
24.06
24.10
24.09
24.12
24.15
24.18
24.16
24.14
24.12
24.10
24.09
24.07
24.06
24.05
24.09
24.12
24.11
24.09
24.12
24.16
24.14
24.17
24.14
24.12
24.11
24.14
24.12
24.10
24.14
24.12
24.15
24.13
24.11
24.14
24.17
24.20
24.22
24.25
24.26
24.28
24.30
24.31
24.32
24.34
24.35
24.36
24.31
24.33
24.34
24.30
24.31
24.33
24.29
24.30
24.32
24.33
24.34
24.35
24.36
24.37
24.37
24.38
24.39
24.39
24.40
24.40
24.40
24.41
24.41
24.41
24.42
24.42
24.42
24.42
24.42
24.42
24.38
24.38
24.39
24.39
24.40
24.35
24.36
24.37
24.38
24.38
24.39
24.39
24.40
24.40
24.41
24.41
24.41
24.41
24.42
24.42
24.42
24.42
24.42
24.43
24.43
24.43
24.43
24.43
24.43
24.43
24.43
24.38
24.39
24.39
24.40
24.40
24.41
24.41
24.41
24.41
24.42
24.42
24.42
24.42
24.42
24.38
24.38
24.39
24.39
24.40
24.40
24.41
24.41
24.41
24.41
24.42
24.42
24.42
24.42
24.42
24.43
24.43
24.43
24.43
24.43
24.43
24.43
24.43
24.43
24.43
24.43
24.43
24.43
24.43
24.44
24.44
24.44
24.44
24.44
24.44
24.44
24.44
24.44
24.44
24.44
24.44
24.44
24.44
24.44
24.44
24.44
24.44
24.44
24.44
24.44
24.44
24.44
24.44
24.44
24.44
24.44
24.44
24.44
24.44
24.44
24.44
24.44
24.44
24.44
24.44
24.44
24.44
24.44
24.44
24.44
24.44
24.44
24.44
24.44
24.44
24.44
24.44
24.44
24.44
24.44
24.44
24.44
24.44
24.44
24.44
24.44
24.44
24.44
24.44
24.44
24.49
24.48
24.48
24.47
24.47
24.47
24.46
24.46
24.46
24.46
24.45
24.45
24.45
24.45
24.45
24.45
24.45
24.45
24.45
24.44
24.44
24.49
24.49
24.48
24.48
24.47
24.47
24.47
24.46
24.46
24.51
24.50
24.49
24.49
24.48
24.48
24.48
24.47
24.47
24.46
24.46
24.46
24.46
24.46
24.45
24.45
24.45
24.45
24.45
24.45
24.45
24.45
24.44
24.49
24.49
24.48
24.48
24.47
24.47
24.47
24.46
24.46
24.46
24.46
24.50
24.50
24.54
24.53
24.52
24.56
24.55
24.54
24.53
24.52
24.51
24.50
24.50
24.54
24.53
24.57
24.56
24.54
24.53
24.52
24.56
24.55
24.54
24.58
24.56
24.55
24.54
24.53
24.52
24.51
24.51
24.50
24.49
24.54
24.53
24.52
24.51
24.50
24.50
24.54
24.53
24.52
24.51
24.50
24.55
24.58
24.62
24.60
24.63
24.61
24.64
24.67
24.65
24.63
24.66
24.64
24.67
24.69
24.67
24.69
24.72
24.74
24.76
24.77
24.79
24.75
24.72
24.69
24.67
24.69
24.72
24.74
24.71
24.68
24.66
24.68
24.71
24.73
24.75
24.77
24.78
24.80
24.81
24.82
24.83
24.84
24.80
24.77
24.73
24.75
24.72
24.69
24.72
24.69
24.71
24.73
24.75
24.77
24.79
24.80
24.76
24.73
24.70
24.72
24.74
24.76
24.78
24.79
24.76
24.78
24.79
24.80
24.82
24.83
24.84
24.80
24.81
24.82
24.83
24.84
24.85
24.86
24.86
24.87
24.88
24.88
24.84
24.85
24.85
24.86
24.87
24.87
24.88
24.88
24.89
24.89
24.85
24.85
24.86
24.87
24.87
24.88
24.88
24.89
24.89
24.90
24.90
24.90
24.90
24.91
24.91
24.91
24.91
24.91
24.91
24.92
24.92
24.92
24.92
24.92
24.92
24.92
24.92
24.92
24.92
24.92
24.92
24.92
24.92
24.92
24.92
24.92
24.92
24.93
24.93
24.93
24.93
24.93
24.93
24.93
24.93
24.93
24.93
24.93
24.93
24.93
24.93
24.93
24.93
24.93
24.93
24.93
24.93
24.93
24.93
24.93
24.93
24.93
24.93
24.93
24.93
24.93
24.93
24.93
24.93
24.93
24.93
24.93
24.93
24.93
24.93
24.93
24.93
24.93
24.93
24.93
24.93
24.93
24.93
24.93
24.93
24.93
24.93
24.93
24.93
24.93
24.93
24.93
24.93
24.93
24.93
24.93
24.93
24.93
24.93
24.93
24.93
24.93
24.93
24.93
24.93
24.93
24.93
24.93
24.93
24.93
24.93
24.93
24.93
24.93
24.93
24.93
24.93
24.93
24.93
24.93
24.93
24.93
24.93
24.93
24.93
24.93
24.93
24.93
24.93
24.93
24.93
24.93
24.93
24.93
24.93
24.93
24.93
24.93
24.93
24.93
24.93
24.93
24.93
24.93
24.93
24.93
24.93
24.93
24.93
24.93
24.93
24.93
24.93
24.93
24.93
24.93
24.93
24.93
24.93
24.93
24.93
24.93
24.93
24.93
24.93
24.93
24.93
24.93
24.93
24.93
24.93
24.93
24.93
24.93
24.93
24.93
24.93
24.93
24.93
24.93
24.93
24.93
24.93
24.93
24.98
24.97
24.97
24.96
24.96
24.96
24.95
24.95
24.95
24.95
24.94
24.94
24.94
24.94
24.94
24.94
24.94
24.93
24.98
24.98
24.97
24.97
24.96
24.96
24.96
24.95
24.95
24.95
24.95
24.94
24.94
24.94
24.94
24.94
24.94
24.94
24.94
24.93
24.93
24.93
24.93
24.98
24.98
24.97
24.97
24.96
24.96
24.96
24.95
24.95
24.95
24.99
25.04
25.03
25.02
25.01
25.00
24.99
24.99
24.98
25.02
25.01
25.05
25.04
25.08
25.06
25.05
25.04
25.03
25.02
25.01
25.00
24.99
24.99
24.98
24.97
24.97
25.01
25.01
25.00
24.99
24.98
24.98
24.97
25.02
25.01
25.00
24.99
24.99
24.98
24.97
24.97
24.97
25.01
25.00
24.99
25.04
25.03
25.06
25.05
25.09
25.12
25.15
25.13
25.11
25.09
25.12
25.15
25.13
25.11
25.14
25.12
25.10
25.08
25.07
25.05
25.09
25.12
25.10
25.08
25.12
25.10
25.08
25.07
25.05
25.04
25.03
25.02
25.06
25.09
25.08
25.06
25.10
25.08
25.11
25.09
25.13
25.16
25.18
25.16
25.18
25.16
25.13
25.16
25.19
25.21
25.18
25.21
25.18
25.20
25.17
25.20
25.22
25.24
25.26
25.27
25.29
25.30
25.26
25.28
25.24
25.26
25.23
25.25
25.26
25.23
25.20
25.22
25.24
25.26
25.27
25.24
25.21
25.23
25.25
25.26
25.28
25.24
25.26
25.28
25.29
25.30
25.31
25.32
25.28
25.25
25.27
25.28
25.24
25.26
25.28
25.24
25.26
25.28
25.29
25.25
25.27
25.28
25.25
25.26
25.23
25.25
25.27
25.23
25.25
25.27
25.28
25.30
25.31
25.32
25.33
25.34
25.34
25.35
25.36
25.36
25.37
25.37
25.38
25.38
25.38
25.39
25.39
25.39
25.40
25.40
25.40
25.40
25.40
25.40
25.40
25.41
25.41
25.41
25.41
25.41
25.41
25.36
25.37
25.37
25.38
25.38
25.38
25.39
25.39
25.39
25.39
25.40
25.40
25.40
25.40
25.40
25.40
25.41
25.41
25.41
25.41
25.41
25.41
25.41
25.41
25.41
25.41
25.41
25.41
25.41
25.41
25.41
25.41
25.41
25.41
25.41
25.41
25.41
25.41
25.41
25.41
25.41
25.41
25.41
25.41
25.41
25.41
25.42
25.42
25.42
25.42
25.42
25.42
25.42
25.42
25.42
25.42
25.42
25.42
25.42
25.42
25.42
25.42
25.42
25.42
25.42
25.42
25.42
25.42
25.42
25.42
25.42
25.42
25.42
25.42
25.42
25.42
25.42
25.42
25.42
25.42
25.42
25.42
25.42
25.42
25.42
25.42
25.42
25.42
25.42
25.42
25.42
25.42
25.42
25.42
25.42
25.42
25.42
25.42
25.42
25.42
25.42
25.42
25.42
25.42
25.42
25.42
25.42
25.42
25.42
25.42
25.42
25.42
25.42
25.42
25.42
25.42
25.42
25.42
25.42
25.42
25.42
25.42
25.42
25.42
25.42
25.42
25.42
25.42
25.42
25.42
25.42
25.42
25.42
25.42
25.42
25.42
25.42
25.42
25.42
25.42
25.42
25.42
25.42
25.42
25.42
25.42
25.42
25.42
25.42
25.42
25.42
25.42
25.42
25.42
25.42
25.42
25.42
25.42
25.42
25.42
25.42
25.42
25.46
25.46
25.46
25.45
25.45
25.44
25.44
25.44
25.44
25.43
25.43
25.43
25.43
25.43
25.43
25.43
25.42
25.42
25.42
25.42
25.42
25.42
25.42
25.42
25.42
25.47
25.46
25.46
25.45
25.45
25.45
25.44
25.44
25.44
25.44
25.43
25.43
25.43
25.43
25.43
25.43
25.43
25.42
25.42
25.47
25.47
25.46
25.46
25.45
25.50
25.49
25.48
25.48
25.47
25.46
25.46
25.45
25.45
25.45
25.44
25.44
25.44
25.44
25.43
25.43
25.48
25.47
25.52
25.51
25.50
25.49
25.48
25.47
25.47
25.51
25.50
25.49
25.49
25.48
25.47
25.47
25.46
25.51
25.50
25.49
25.48
25.47
25.47
25.46
25.46
25.45
25.45
25.45
25.44
25.44
25.44
25.44
25.43
25.43
25.43
25.43
25.43
25.43
25.43
25.42
25.42
25.42
25.47
25.47
25.46
25.46
25.50
25.49
25.53
25.52
25.51
25.50
25.49
25.49
25.48
25.47
25.47
25.46
25.46
25.45
25.45
25.49
25.49
25.53
25.57
25.55
25.54
25.53
25.51
25.50
25.50
25.49
25.48
25.47
25.47
25.46
25.51
25.50
25.49
25.53
25.57
25.55
25.54
25.53
25.52
25.51
25.55
25.58
25.56
25.60
25.63
25.66
25.63
25.61
25.59
25.57
25.61
25.64
25.61
25.64
25.62
25.65
25.63
25.65
25.68
25.65
25.68
25.65
25.68
25.65
25.63
25.61
25.64
25.61
25.64
25.62
25.60
25.58
25.61
25.64
25.67
25.69
25.66
25.64
25.67
25.64
25.62
25.65
25.62
25.60
25.58
25.57
25.60
25.63
25.61
25.64
25.62
25.65
25.62
25.60
25.58
25.62
25.60
25.58
25.61
25.64
25.67
25.69
25.71
25.68
25.65
25.63
25.66
25.68
25.66
25.63
25.66
25.63
25.66
25.64
25.62
25.60
25.58
25.61
25.64
25.62
25.65
25.67
25.69
25.67
25.64
25.62
25.65
25.62
25.65
25.68
25.70
25.72
25.74
25.76
25.72
25.69
25.66
25.69
25.71
25.68
25.65
25.68
25.70
25.72
25.69
25.71
25.73
25.75
25.76
25.73
25.70
25.67
25.69
25.67
25.64
25.67
25.64
25.67
25.69
25.71
25.73
25.70
25.72
25.74
25.71
25.73
25.74
25.71
25.73
25.75
25.76
25.78
25.74
25.76
25.77
25.79
25.80
25.76
25.77
25.79
25.80
25.81
25.82
25.83
25.83
25.84
25.85
25.85
25.86
25.81
25.82
25.78
25.75
25.76
25.78
25.79
25.75
25.72
25.74
25.75
25.77
25.78
25.79
25.81
25.82
25.82
25.83
25.84
25.85
25.85
25.86
25.86
25.87
25.87
25.87
25.88
25.88
25.88
25.88
25.89
25.84
25.85
25.85
25.86
25.86
25.87
25.87
25.82
25.83
25.84
25.85
25.85
25.86
25.86
25.87
25.87
25.87
25.88
25.88
25.83
25.84
25.80
25.81
25.82
25.83
25.83
25.84
25.85
25.85
25.86
25.86
25.87
25.87
25.87
25.83
25.84
25.84
25.85
25.85
25.86
25.86
25.87
25.87
25.87
25.88
25.88
25.88
25.88
25.89
25.89
25.89
25.89
25.89
25.89
25.89
25.90
25.90
25.90
25.90
25.90
25.90
25.90
25.90
25.90
25.90
25.90
25.90
25.90
25.90
25.90
25.90
25.90
25.90
25.90
25.90
25.90
25.90
25.90
25.90
25.90
25.90
25.90
25.85
25.86
25.86
25.87
25.87
25.88
25.88
25.88
25.88
25.89
25.89
25.89
25.89
25.89
25.89
25.89
25.90
25.90
25.90
25.90
25.90
25.90
25.90
25.90
25.90
25.90
25.90
25.90
25.90
25.90
25.90
25.90
25.90
25.90
25.90
25.90
25.90
25.90
25.90
25.90
25.90
25.90
25.90
25.90
25.90
25.90
25.90
25.90
25.90
25.90
25.90
25.90
25.90
25.90
25.90
25.90
25.90
25.90
25.90
25.90
25.90
25.90
25.90
25.90
25.90
25.90
25.90
25.90
25.90
25.90
25.90
25.90
25.90
25.90
25.90
25.90
25.90
25.90
25.90
25.90
25.90
25.90
25.90
25.90
25.90
25.90
25.90
25.90
25.90
25.90
25.90
25.90
25.90
25.90
25.90
25.90
25.90
25.90
25.90
25.90
25.90
25.90
25.90
25.90
25.90
25.90
25.90
25.90
25.90
25.90
25.90
25.90
25.90
25.90
25.90
25.90
25.90
25.90
25.90
25.90
25.90
25.90
25.90
25.90
25.90
25.90
25.90
25.90
25.90
25.90
25.90
25.90
25.90
25.90
25.90
25.90
25.90
25.90
25.90
25.90
25.90
25.90
25.90
25.90
25.90
25.90
25.90
25.90
25.90
25.90
25.90
25.90
25.90
25.90
25.90
25.90
25.90
25.90
25.90
25.90
25.90
25.90
25.90
25.90
25.90
25.90
25.90
25.90
25.90
25.90
25.90
25.90
25.90
25.90
25.90
25.95
25.95
25.94
25.94
25.94
25.93
25.93
25.93
25.93
25.92
25.92
25.92
25.92
25.92
25.92
25.91
25.91
25.91
25.91
25.91
25.91
25.91
25.91
25.91
25.91
25.91
25.91
25.91
25.91
25.91
25.91
25.91
25.91
25.91
25.91
25.91
25.91
25.91
25.91
25.90
25.90
25.90
25.90
25.90
25.90
25.90
25.95
25.95
25.94
25.94
25.94
25.93
25.98
25.97
25.96
25.96
25.95
25.95
25.94
25.94
25.94
25.93
25.93
25.93
25.93
25.92
25.92
25.92
25.92
25.92
25.92
25.91
25.91
25.91
25.91
25.91
25.91
25.91
25.91
25.91
25.96
25.95
25.95
25.94
25.94
25.94
25.93
25.93
25.93
25.92
25.92
25.97
25.96
25.96
25.95
25.95
25.94
25.94
25.94
25.93
25.93
25.93
25.92
25.92
25.92
25.92
25.92
25.92
25.92
25.91
25.91
25.91
25.91
25.91
25.91
25.91
25.96
25.95
25.95
25.94
25.94
25.94
25.93
25.93
25.93
25.92
25.92
25.92
25.92
25.92
25.92
25.92
25.91
25.91
25.96
25.96
25.95
25.95
25.94
25.94
25.93
25.93
25.98
25.97
25.96
26.01
26.00
25.99
25.98
25.97
25.96
25.96
25.95
25.95
25.94
25.94
25.94
25.98
25.97
25.97
25.96
25.96
25.95
25.95
25.94
25.94
25.98
25.98
25.97
25.96
25.96
25.95
25.95
25.99
25.98
25.97
25.97
25.96
25.96
25.95
25.99
25.99
25.98
25.97
25.96
26.01
26.00
25.99
25.98
25.97
25.96
26.01
26.00
25.99
25.98
25.97
25.97
25.96
25.95
25.95
25.94
25.94
25.99
25.98
25.97
25.96
25.96
25.95
25.95
25.94
25.94
25.94
25.93
25.93
25.93
25.92
25.92
25.92
25.92
25.92
25.92
25.92
25.91
25.91
25.91
25.91
25.91
25.96
25.95
25.95
25.94
25.94
25.94
25.93
25.93
25.93
25.93
25.92
25.92
25.92
25.92
25.92
25.92
25.91
25.96
25.96
26.00
25.99
26.03
26.02
26.01
26.05
26.03
26.02
26.01
26.05
26.03
26.02
26.01
26.00
25.99
25.98
25.97
26.01
26.00
25.99
25.98
26.03
26.01
26.00
25.99
26.03
26.02
26.01
26.00
25.99
25.98
26.02
26.06
26.09
26.07
26.06
26.04
26.03
26.01
26.00
25.99
25.98
25.98
25.97
25.96
26.01
26.00
26.04
26.07
26.05
26.09
26.07
26.05
26.04
26.03
26.06
26.09
26.12
26.15
26.18
26.15
26.12
26.15
26.18
26.15
26.12
26.15
26.17
26.15
26.12
26.10
26.08
26.06
26.05
26.03
26.07
26.10
26.08
26.06
26.10
26.08
26.06
26.04
26.03
26.02
26.06
26.04
26.03
26.01
26.00
25.99
26.03
26.07
26.05
26.04
26.02
26.06
26.09
26.12
26.10
26.08
26.06
26.05
26.03
26.02
26.01
26.00
25.99
25.98
25.97
25.97
26.01
26.00
26.04
26.02
26.01
26.05
26.04
26.07
26.10
26.13
26.16
26.18
26.20
26.17
26.15
26.17
26.14
26.17
26.19
26.21
26.18
26.20
26.17
26.15
26.12
26.10
26.13
26.11
26.14
26.11
26.09
26.07
26.06
26.09
26.12
26.10
26.13
26.11
26.09
26.07
26.10
26.08
26.11
26.09
26.12
26.15
26.12
26.15
26.13
26.15
26.18
26.15
26.17
26.15
26.12
26.10
26.08
26.11
26.14
26.12
26.10
26.13
26.10
26.13
26.16
26.13
26.11
26.09
26.07
26.10
26.08
26.11
26.09
26.07
26.06
26.04
26.03
26.02
26.00
26.04
26.03
26.07
26.05
26.08
26.11
26.09
26.12
26.10
26.08
26.06
26.10
26.13
26.15
26.13
26.11
26.09
26.12
26.10
26.13
26.15
26.13
26.10
26.08
26.12
26.14
26.17
26.14
26.12
26.15
26.17
26.14
26.12
26.15
26.12
26.15
26.13
26.10
26.08
26.07
26.10
26.08
26.06
26.05
26.08
26.06
26.10
26.13
26.10
26.13
26.16
26.13
26.16
26.13
26.16
26.13
26.16
26.18
26.16
26.18
26.20
26.22
26.24
26.25
26.22
26.19
26.16
26.18
26.20
26.17
26.15
26.17
26.14
26.17
26.14
26.12
26.15
26.17
26.19
26.21
26.18
26.20
26.22
26.24
26.25
26.27
26.23
26.25
26.21
26.23
26.25
26.26
26.23
26.19
26.21
26.23
26.25
26.21
26.23
26.20
26.22
26.24
26.25
26.27
26.23
26.20
26.22
26.19
26.21
26.18
26.15
26.12
26.15
26.18
26.15
26.17
26.15
26.17
26.14
26.17
26.19
26.16
26.19
26.21
26.22
26.19
26.21
26.23
26.25
26.26
26.27
26.29
26.30
26.26
26.27
26.28
26.25
26.21
26.18
26.20
26.22
26.24
26.20
26.22
26.19
26.21
26.18
26.20
26.17
26.19
26.17
26.19
26.16
26.18
26.16
26.18
26.20
26.17
26.19
26.21
26.23
26.25
26.26
26.23
26.24
26.26
26.27
26.28
26.29
26.30
26.26
26.23
26.24
26.26
26.27
26.28
26.25
26.26
26.27
26.29
26.30
26.26
26.27
26.28
26.25
26.26
26.27
26.29
26.25
26.26
26.28
26.24
26.25
26.27
26.28
26.24
26.26
26.27
26.28
26.25
26.26
26.22
26.24
26.21
26.23
26.24
26.21
26.23
26.24
26.26
26.22
26.24
26.21
26.18
26.20
26.17
26.19
26.21
26.23
26.25
26.26
26.27
26.24
26.20
26.17
26.20
26.22
26.23
26.25
26.21
26.18
26.20
26.17
26.20
26.17
26.19
26.21
26.23
26.24
26.26
26.27
26.28
26.30
26.31
26.27
26.23
26.25
26.26
26.22
26.24
26.26
26.22
26.24
26.25
26.27
26.28
26.29
26.30
26.31
26.32
26.33
26.33
26.34
26.30
26.26
26.22
26.24
26.21
26.22
26.24
26.26
26.27
26.28
26.29
26.25
26.27
26.28
26.29
26.30
26.26
26.28
26.29
26.30
26.31
26.32
26.32
26.33
26.34
26.34
26.35
26.35
26.36
26.36
26.31
26.32
26.33
26.34
26.34
26.35
26.35
26.36
26.36
26.36
26.37
26.37
26.37
26.32
26.33
26.34
26.34
26.30
26.31
26.32
26.32
26.33
26.34
26.34
26.35
26.35
26.36
26.36
26.36
26.37
26.37
26.32
26.33
26.34
26.34
26.30
26.31
26.32
26.27
26.29
26.25
26.26
26.23
26.19
26.21
26.23
26.25
26.26
26.28
26.29
26.30
26.31
26.32
26.32
26.33
26.34
26.34
26.30
26.31
26.32
26.32
26.28
26.29
26.30
26.31
26.32
26.33
26.33
26.29
26.30
26.31
26.32
26.33
26.33
26.34
26.34
26.35
26.30
26.31
26.32
26.33
26.34
26.34
26.35
26.35
26.35
26.36
26.36
26.37
26.37
26.37
26.37
26.37
26.33
26.33
26.34
26.35
26.35
26.35
26.36
26.36
26.36
26.37
26.37
26.32
26.33
26.34
26.34
26.35
26.35
26.36
26.36
26.36
26.37
26.37
26.37
26.37
26.38
26.38
26.38
26.38
26.38
26.38
26.38
26.38
26.39
26.39
26.39
26.39
26.39
26.34
26.34
26.35
26.35
26.36
26.36
26.36
26.37
26.37
26.37
26.37
26.38
26.38
26.38
26.38
26.38
26.38
26.38
26.38
26.39
26.39
26.39
26.39
26.39
26.39
26.39
26.39
26.39
26.39
26.39
26.39
26.39
26.39
26.39
26.39
26.39
26.39
26.39
26.39
26.39
26.39
26.39
26.39
26.39
26.39
26.39
26.39
26.39
26.39
26.39
26.39
26.39
26.39
26.39
26.39
26.39
26.39
26.39
26.39
26.39
26.39
26.39
26.34
26.35
26.35
26.36
26.36
26.36
26.37
26.37
26.37
26.37
26.38
26.38
26.38
26.38
26.38
26.38
26.38
26.38
26.39
26.39
26.39
26.39
26.39
26.39
26.39
26.39
26.39
26.39
26.39
26.39
26.39
26.39
26.39
26.39
26.39
26.39
26.39
26.39
26.39
26.39
26.39
26.39
26.39
26.39
26.39
26.39
26.39
26.39
26.39
26.39
26.39
26.39
26.39
26.39
26.39
26.39
26.39
26.39
26.39
26.39
26.39
26.39
26.39
26.39
26.39
26.39
26.39
26.39
26.39
26.39
26.39
26.39
26.39
26.39
26.39
26.39
26.39
26.39
26.39
26.39
26.39
26.39
26.39
26.39
26.39
26.39
26.39
26.39
26.39
26.39
26.39
26.39
26.39
26.39
26.39
26.39
26.39
26.39
26.39
26.39
26.39
26.39
26.39
26.39
26.39
26.39
26.39
26.39
26.39
26.39
26.39
26.39
26.39
26.39
26.39
26.39
26.39
26.39
26.39
26.39
26.39
26.39
26.39
26.39
26.39
26.39
26.39
26.39
26.39
26.39
26.39
26.39
26.39
26.39
26.39
26.39
26.39
26.39
26.39
26.39
26.39
26.39
26.39
26.39
26.39
26.39
26.39
26.39
26.39
26.39
26.39
26.39
26.39
26.39
26.39
26.39
26.39
26.39
26.39
26.39
26.39
26.39
26.39
26.39
26.39
26.39
26.39
26.39
26.39
26.39
26.39
26.39
26.39
26.39
26.39
26.39
26.39
26.39
26.39
26.39
26.39
26.39
26.39
26.39
26.39
26.39
26.39
26.44
26.44
26.43
26.43
26.43
26.42
26.42
26.42
26.41
26.41
26.41
26.41
26.41
26.41
26.40
26.40
26.40
26.45
26.44
26.44
26.43
26.43
26.43
26.42
26.42
26.42
26.42
26.41
26.41
26.41
26.41
26.41
26.40
26.40
26.40
26.40
26.40
26.40
26.40
26.40
26.40
26.40
26.40
26.40
26.40
26.40
26.40
26.40
26.40
26.39
26.39
26.39
26.39
26.39
26.39
26.39
26.39
26.39
26.39
26.39
26.39
26.39
26.39
26.39
26.39
26.39
26.39
26.39
26.39
26.39
26.39
26.39
26.39
26.39
26.39
26.39
26.39
26.39
26.44
26.44
26.43
26.48
26.47
26.46
26.45
26.45
26.44
26.44
26.43
26.43
26.43
26.42
26.42
26.42
26.41
26.41
26.41
26.41
26.41
26.41
26.40
26.40
26.40
26.40
26.40
26.40
26.40
26.40
26.40
26.40
26.40
26.40
26.45
26.49
26.48
26.47
26.46
26.46
26.45
26.44
26.44
26.43
26.43
26.43
26.42
26.42
26.42
26.41
26.41
26.41
26.41
26.41
26.45
26.45
26.44
26.44
26.43
26.43
26.43
26.42
26.42
26.42
26.41
26.41
26.41
26.41
26.41
26.41
26.40
26.40
26.40
26.45
26.49
26.48
26.47
26.47
26.51
26.50
26.49
26.48
26.52
26.50
26.49
26.48
26.47
26.47
26.46
26.45
26.45
26.44
26.44
26.43
26.48
26.47
26.46
26.45
26.45
26.44
26.44
26.43
26.43
26.43
26.42
26.42
26.47
26.46
26.45
26.45
26.44
26.44
26.43
26.43
26.42
26.42
26.42
26.42
26.46
26.46
26.50
26.49
26.48
26.47
26.46
26.45
26.45
26.44
26.44
26.43
26.48
26.52
26.56
26.59
26.57
26.55
26.58
26.61
26.64
26.62
26.59
26.57
26.60
26.63
26.66
26.63
26.66
26.63
26.65
26.68
26.65
26.67
26.64
26.62
26.65
26.62
26.60
26.58
26.56
26.54
26.53
26.51
26.50
26.49
26.48
26.47
26.46
26.51
26.49
26.48
26.48
26.52
26.55
26.59
26.57
26.60
26.58
26.61
26.59
26.62
26.64
26.62
26.59
26.57
26.61
26.58
26.61
26.59
26.62
26.60
26.58
26.56
26.54
26.58
26.56
26.59
26.62
26.60
26.58
26.56
26.59
26.62
26.60
26.58
26.56
26.59
26.57
26.60
26.58
26.56
26.59
26.62
26.60
26.63
26.60
26.63
26.61
26.59
26.62
26.64
26.67
26.64
26.66
26.64
26.61
26.64
26.66
26.64
26.66
26.68
26.65
26.63
26.65
26.68
26.65
26.67
26.64
26.67
26.64
26.66
26.64
26.61
26.59
26.62
26.65
26.67
26.69
26.71
26.73
26.74
26.76
26.77
26.78
26.79
26.80
26.81
26.77
26.78
26.79
26.80
26.76
26.72
26.74
26.70
26.67
26.69
26.66
26.64
26.66
26.68
26.65
26.68
26.70
26.72
26.73
26.75
26.76
26.77
26.78
26.74
26.76
26.77
26.78
26.79
26.80
26.76
26.77
26.78
26.79
26.80
26.81
26.82
26.82
26.83
26.79
26.80
26.80
26.76
26.77
26.74
26.75
26.76
26.78
26.79
26.75
26.76
26.77
26.78
26.79
26.80
26.81
26.82
26.82
26.83
26.83
26.79
26.80
26.81
26.82
26.82
26.83
26.83
26.84
26.84
26.85
26.85
26.85
26.86
26.86
26.86
26.86
26.86
26.87
26.87
26.87
26.87
26.87
26.87
26.87
26.87
26.88
26.83
26.83
26.84
26.84
26.85
26.85
26.85
26.86
26.81
26.82
26.82
26.83
26.83
26.84
26.84
26.85
26.85
26.85
26.86
26.86
26.86
26.81
26.82
26.83
26.83
26.84
26.84
26.85
26.85
26.85
26.86
26.86
26.86
26.86
26.86
26.87
26.87
26.87
26.87
26.87
26.87
26.87
26.87
26.88
26.88
26.88
26.88
26.88
26.88
26.88
26.88
26.88
26.88
26.88
26.88
26.88
26.83
26.84
26.84
26.84
26.85
26.85
26.85
26.86
26.86
26.86
26.86
26.87
26.87
26.87
26.87
26.87
26.82
26.78
26.79
26.80
26.81
26.82
26.82
26.83
26.83
26.84
26.84
26.85
26.85
26.85
26.86
26.86
26.86
26.86
26.86
26.87
26.87
26.87
26.87
26.87
26.87
26.82
26.83
26.84
26.84
26.84
26.85
26.85
26.85
26.86
26.86
26.86
26.86
26.87
26.87
26.87
26.87
26.87
26.87
26.87
26.83
26.83
26.84
26.84
26.84
26.85
26.85
26.85
26.86
26.86
26.86
26.86
26.87
26.87
26.87
26.87
26.87
26.82
26.83
26.83
26.84
26.84
26.85
26.85
26.85
26.86
26.86
26.86
26.86
26.87
26.87
26.87
26.87
26.87
26.87
26.87
26.87
26.87
26.88
26.88
26.88
26.88
26.88
26.88
26.88
26.88
26.88
26.88
26.88
26.88
26.88
26.88
26.88
26.88
26.88
26.88
26.88
26.88
26.88
26.88
26.88
26.88
26.88
26.88
26.88
26.88
26.88
26.88
26.88
26.88
26.88
26.88
26.88
26.88
26.88
26.88
26.88
26.88
26.88
26.88
26.88
26.83
26.84
26.84
26.85
26.85
26.85
26.86
26.86
26.86
26.86
26.86
26.87
26.87
26.87
26.87
26.87
26.87
26.87
26.87
26.88
26.88
26.88
26.88
26.88
26.88
26.88
26.88
26.88
26.88
26.88
26.88
26.88
26.88
26.88
26.88
26.88
26.88
26.88
26.88
26.88
26.88
26.88
26.88
26.88
26.88
26.88
26.88
26.88
26.88
26.88
26.88
26.88
26.88
26.88
26.88
26.88
26.88
26.88
26.88
26.88
26.88
26.88
26.88
26.88
26.88
26.88
26.88
26.88
26.88
26.88
26.88
26.88
26.88
26.88
26.88
26.88
26.88
26.88
26.88
26.88
26.88
26.88
26.88
26.88
26.88
26.88
26.88
26.88
26.88
26.88
26.88
26.88
26.88
26.88
26.88
26.88
26.88
26.88
26.88
26.88
26.88
26.88
26.88
26.88
26.88
26.93
26.93
26.92
26.92
26.91
26.91
26.91
26.91
26.90
26.90
26.90
26.90
26.90
26.89
26.89
26.89
26.89
26.89
26.89
26.89
26.89
26.89
26.89
26.89
26.89
26.89
26.88
26.88
26.88
26.88
26.88
26.88
26.88
26.88
26.88
26.88
26.88
26.88
26.88
26.88
26.88
26.88
26.88
26.88
26.88
26.88
26.88
26.88
26.88
26.88
26.88
26.88
26.88
26.88
26.88
26.88
26.88
26.88
26.88
26.88
26.88
26.88
26.88
26.88
26.88
26.88
26.88
26.88
26.88
26.88
26.88
26.88
26.88
26.88
26.88
26.88
26.88
26.88
26.88
26.88
26.88
26.88
26.88
26.88
26.88
26.88
26.88
26.88
26.88
26.88
26.88
26.88
26.88
26.88
26.88
26.88
26.88
26.88
26.88
26.88
26.88
26.88
26.88
26.88
26.88
26.88
26.88
26.88
26.88
26.88
26.88
26.88
26.88
26.88
26.88
26.93
26.93
26.92
26.92
26.91
26.91
26.91
26.91
26.90
26.90
26.90
26.95
26.94
26.93
26.93
26.92
26.92
26.92
26.91
26.91
26.91
26.90
26.90
26.90
26.90
26.90
26.89
26.89
26.94
26.94
26.93
26.93
26.92
26.97
26.96
26.95
26.94
26.94
26.93
26.93
26.92
26.92
26.91
26.91
26.91
26.91
26.90
26.90
26.90
26.95
26.94
26.93
26.93
26.92
26.97
26.96
26.95
26.95
26.94
26.93
26.93
26.92
26.92
26.92
26.91
26.91
26.91
26.95
26.95
26.94
26.93
26.93
26.92
26.92
26.92
26.91
26.91
26.96
26.95
26.94
26.94
26.93
26.93
26.92
26.92
26.91
26.91
26.91
26.90
26.90
26.90
26.90
26.90
26.90
26.89
26.89
26.89
26.89
26.89
26.89
26.89
26.89
26.89
26.89
26.89
26.89
26.89
26.88
26.88
26.88
26.88
26.88
26.88
26.88
26.88
26.88
26.88
26.88
26.88
26.88
26.88
26.88
26.88
26.88
26.88
26.88
26.88
26.88
26.93
26.93
26.97
26.96
26.95
26.95
26.94
26.93
26.93
26.92
26.92
26.92
26.91
26.96
26.95
26.94
26.94
26.93
26.93
26.92
26.92
26.96
26.96
26.95
26.94
26.94
26.93
26.93
26.97
26.96
26.95
26.95
26.94
26.93
26.93
26.92
26.92
26.92
26.91
26.91
26.91
26.90
26.90
26.90
26.90
26.95
26.94
26.93
26.93
26.92
26.92
26.92
26.91
26.96
26.95
26.94
26.94
26.93
26.93
26.92
26.92
26.91
26.91
26.91
26.91
26.90
26.90
26.90
26.90
26.90
26.89
26.89
26.89
26.89
26.89
26.94
26.93
26.98
26.97
26.96
27.00
26.99
27.03
27.06
27.04
27.08
27.06
27.04
27.02
27.01
27.00
26.98
27.02
27.01
27.00
27.03
27.07
27.10
27.12
27.10
27.08
27.11
27.09
27.11
27.09
27.07
27.05
27.03
27.02
27.01
26.99
26.98
26.97
26.96
26.95
26.95
26.94
26.93
26.93
26.92
26.92
26.92
26.96
27.00
26.99
26.98
26.97
26.96
26.95
26.95
26.94
26.93
26.93
26.92
26.92
26.92
26.91
26.91
26.91
26.95
26.99
27.03
27.02
27.00
26.99
26.98
26.97
26.96
26.95
26.95
26.94
26.93
26.93
26.97
26.96
26.96
27.00
26.99
27.02
27.01
27.00
27.03
27.02
27.01
26.99
26.98
26.97
27.01
27.00
27.04
27.02
27.01
26.99
26.98
26.97
26.96
26.96
26.95
26.94
26.98
26.97
26.96
26.96
26.95
26.94
26.94
26.93
26.93
26.92
26.92
26.91
26.91
26.91
26.91
26.90
26.90
26.95
26.94
26.94
26.93
26.97
26.96
26.96
27.00
26.99
27.02
27.01
27.00
26.99
26.98
26.97
26.96
26.95
26.94
26.94
26.93
26.98
27.01
27.00
27.04
27.07
27.05
27.08
27.06
27.05
27.03
27.01
27.00
26.99
26.98
26.97
27.01
27.00
26.98
26.97
27.01
27.00
26.99
27.03
27.06
27.04
27.03
27.06
27.09
27.12
27.15
27.12
27.10
27.07
27.10
27.08
27.11
27.09
27.07
27.10
27.12
27.10
27.13
27.10
27.08
27.06
27.09
27.07
27.05
27.08
27.06
27.05
27.03
27.01
27.05
27.03
27.02
27.00
26.99
26.98
26.97
27.01
27.05
27.03
27.02
27.00
26.99
26.98
26.97
27.01
27.00
26.99
27.02
27.01
27.00
27.03
27.02
27.05
27.09
27.07
27.05
27.03
27.06
27.10
27.07
27.05
27.04
27.07
27.05
27.03
27.02
27.01
26.99
26.98
26.97
26.96
26.95
26.95
26.99
27.03
27.01
27.00
26.99
26.98
26.97
26.96
27.00
26.99
26.98
26.97
27.01
27.00
26.98
26.97
26.96
26.96
26.95
26.94
26.99
26.97
26.97
27.01
27.04
27.08
27.06
27.09
27.07
27.05
27.03
27.02
27.00
26.99
26.98
27.02
27.01
26.99
26.98
26.97
26.96
26.95
27.00
26.98
26.97
27.01
27.00
26.99
27.03
27.06
27.09
27.07
27.05
27.04
27.02
27.01
27.04
27.08
27.06
27.09
27.12
27.09
27.07
27.10
27.08
27.11
27.09
27.07
27.05
27.08
27.06
27.09
27.07
27.10
27.08
27.06
27.04
27.02
27.01
27.00
27.03
27.07
27.05
27.08
27.11
27.09
27.12
27.09
27.12
27.15
27.12
27.14
27.12
27.14
27.12
27.09
27.07
27.05
27.04
27.07
27.05
27.08
27.06
27.04
27.08
27.06
27.09
27.07
27.05
27.08
27.06
27.04
27.08
27.06
27.04
27.07
27.05
27.04
27.02
27.01
27.04
27.03
27.01
27.00
27.04
27.02
27.01
27.04
27.08
27.06
27.04
27.02
27.01
27.05
27.03
27.01
27.00
26.99
26.98
26.97
27.01
27.00
26.98
27.02
27.06
27.09
27.07
27.10
27.13
27.15
27.17
27.19
27.16
27.18
27.15
27.12
27.15
27.12
27.15
27.12
27.10
27.12
27.10
27.13
27.15
27.12
27.10
27.08
27.11
27.08
27.11
27.09
27.12
27.14
27.17
27.14
27.11
27.09
27.07
27.05
27.08
27.06
27.04
27.03
27.01
27.00
26.99
26.98
26.97
27.01
27.00
27.03
27.02
27.05
27.04
27.07
27.10
27.13
27.15
27.17
27.14
27.17
27.19
27.21
27.22
27.19
27.21
27.22
27.24
27.20
27.17
27.14
27.16
27.18
27.20
27.17
27.14
27.12
27.09
27.07
27.10
27.13
27.10
27.13
27.11
27.08
27.06
27.09
27.07
27.10
27.08
27.06
27.04
27.03
27.06
27.04
27.08
27.06
27.09
27.12
27.09
27.12
27.10
27.12
27.15
27.17
27.19
27.16
27.18
27.15
27.17
27.19
27.21
27.23
27.19
27.16
27.18
27.20
27.22
27.18
27.20
27.17
27.14
27.12
27.09
27.12
27.15
27.17
27.14
27.11
27.09
27.12
27.09
27.07
27.10
27.08
27.11
27.14
27.11
27.09
27.07
27.10
27.08
27.06
27.04
27.07
27.05
27.04
27.07
27.05
27.08
27.11
27.09
27.12
27.14
27.16
27.19
27.20
27.17
27.19
27.16
27.13
27.16
27.18
27.20
27.17
27.14
27.16
27.18
27.20
27.17
27.14
27.16
27.13
27.16
27.13
27.15
27.18
27.20
27.21
27.23
27.19
27.16
27.18
27.15
27.18
27.19
27.16
27.18
27.15
27.18
27.15
27.17
27.19
27.21
27.22
27.24
27.25
27.26
27.27
27.28
27.29
27.30
27.26
27.27
27.28
27.29
27.30
27.30
27.31
27.27
27.28
27.24
27.25
27.26
27.27
27.24
27.25
27.26
27.22
27.19
27.21
27.22
27.19
27.16
27.13
27.15
27.13
27.15
27.12
27.15
27.17
27.19
27.16
27.18
27.20
27.22
27.18
27.20
27.17
27.19
27.21
27.22
27.19
27.16
27.13
27.11
27.13
27.11
27.13
27.11
27.14
27.16
27.13
27.15
27.18
27.20
27.21
27.23
27.19
27.21
27.23
27.24
27.25
27.27
27.28
27.29
27.29
27.30
27.31
27.32
27.32
27.33
27.33
27.33
27.34
27.34
27.34
27.35
27.35
27.35
27.30
27.26
27.27
27.28
27.29
27.30
27.31
27.26
27.27
27.28
27.29
27.30
27.31
27.31
27.32
27.32
27.38
27.48
27.51
27.55
27.53
27.47
27.41